brand_name,price,rating,has_5g,has_nfc,has_ir_blaster,processor_brand,num_cores,battery_capacity,ram_capacity,internal_memory,screen_size,num_rear_cameras,os,primary_camera_rear
oneplus,54999,89,TRUE,TRUE,FALSE,snapdragon,8,5000,12,256,6.7,3,android,50
oneplus,19989,81,TRUE,FALSE,FALSE,snapdragon,8,5000,6,128,6.59,3,android,64
samsung,16499,75,TRUE,FALSE,FALSE,exynos,8,5000,4,64,6.6,3,android,50
motorola,14999,81,TRUE,FALSE,FALSE,snapdragon,8,5000,6,128,6.55,3,android,50
realme,24999,82,TRUE,FALSE,FALSE,dimensity,8,5000,6,128,6.7,3,android,108
samsung,16999,80,TRUE,TRUE,FALSE,snapdragon,8,5000,6,128,6.6,3,android,50
apple,65999,81,TRUE,TRUE,FALSE,bionic,6,3279,6,128,6.1,2,ios,12
xiaomi,29999,86,TRUE,FALSE,TRUE,dimensity,8,4980,8,256,6.67,3,android,200
nothing,26749,85,TRUE,TRUE,FALSE,snapdragon,8,4500,8,128,6.55,2,android,50
oneplus,28999,84,TRUE,TRUE,FALSE,dimensity,8,4500,8,128,6.43,3,android,50
realme,18999,82,TRUE,FALSE,FALSE,snapdragon,8,5000,6,128,6.72,2,android,108
oppo,18999,79,TRUE,TRUE,FALSE,dimensity,8,5000,8,128,6.56,2,android,50
xiaomi,24762,79,TRUE,FALSE,TRUE,dimensity,8,5000,6,128,6.67,3,android,50
vivo,16990,80,TRUE,FALSE,FALSE,snapdragon,8,5000,6,128,6.58,3,android,50
samsung,114990,,TRUE,TRUE,FALSE,snapdragon,8,5000,8,256,6.8,4,android,200
apple,62999,79,TRUE,TRUE,FALSE,bionic,6,3240,4,128,6.1,2,ios,12
vivo,9999,65,FALSE,FALSE,FALSE,helio,8,5000,3,32,6.51,2,android,13
oppo,45999,86,TRUE,TRUE,FALSE,snapdragon,8,4700,16,256,6.7,3,android,50
oneplus,32999,86,TRUE,TRUE,FALSE,dimensity,8,5000,8,128,6.7,3,android,50
vivo,14499,72,FALSE,FALSE,FALSE,helio,8,5000,4,64,6.55,2,android,50
oneplus,39999,85,TRUE,TRUE,FALSE,snapdragon,8,5000,8,128,6.7,3,android,50
vivo,35999,85,TRUE,FALSE,FALSE,dimensity,8,4830,8,128,6.56,3,android,64
poco,14999,80,TRUE,FALSE,TRUE,snapdragon,8,5000,6,64,6.67,3,android,64
xiaomi,17859,76,TRUE,FALSE,TRUE,snapdragon,8,5000,4,128,6.67,3,android,48
vivo,42990,87,TRUE,TRUE,FALSE,dimensity,8,4800,12,256,6.7,3,android,64
samsung,31239,88,TRUE,TRUE,FALSE,snapdragon,8,4500,8,128,6.5,3,android,12
oneplus,21995,84,TRUE,FALSE,FALSE,snapdragon,8,5000,8,128,6.59,3,android,64
apple,129990,76,TRUE,TRUE,FALSE,bionic,6,4323,6,128,6.7,3,ios,48
vivo,27999,83,TRUE,FALSE,FALSE,dimensity,8,4500,8,128,6.44,3,android,64
oneplus,69999,,TRUE,TRUE,FALSE,snapdragon,8,4500,8,128,6.7,3,android,50
realme,19999,84,TRUE,FALSE,FALSE,snapdragon,8,5000,8,128,6.72,2,android,108
poco,20999,81,TRUE,TRUE,TRUE,snapdragon,8,5000,6,128,6.67,3,android,108
vivo,27990,83,TRUE,FALSE,FALSE,dimensity,8,4700,8,256,6.56,3,android,64
apple,38999,73,FALSE,TRUE,FALSE,bionic,6,3110,4,64,6.1,2,ios,12
samsung,23790,85,TRUE,FALSE,FALSE,dimensity,8,5000,6,128,6.7,4,android,108
samsung,39999,87,TRUE,TRUE,FALSE,exynos,8,4500,8,128,6.4,3,android,12
oppo,29990,87,TRUE,TRUE,FALSE,snapdragon,8,5000,8,256,6.67,3,android,108
samsung,91999,,TRUE,TRUE,FALSE,snapdragon,8,5000,12,256,6.8,4,android,108
xiaomi,32999,83,TRUE,FALSE,TRUE,snapdragon,8,5200,6,128,6.67,4,android,108
oppo,28499,83,TRUE,TRUE,FALSE,snapdragon,8,4500,8,256,6.7,2,android,64
oneplus,21999,83,TRUE,TRUE,FALSE,snapdragon,8,5000,6,128,6.7,3,android,108
xiaomi,19999,83,TRUE,FALSE,TRUE,snapdragon,8,5000,6,128,6.67,3,android,108
motorola,18999,87,TRUE,TRUE,FALSE,dimensity,8,5000,6,128,6.67,3,android,108
realme,27999,85,TRUE,FALSE,FALSE,dimensity,8,5000,8,256,6.7,3,android,108
vivo,18499,80,FALSE,FALSE,FALSE,snapdragon,8,5000,8,128,6.58,3,android,50
samsung,17478,81,TRUE,TRUE,FALSE,exynos,8,6000,6,128,6.6,4,android,50
xiaomi,11936,76,FALSE,FALSE,TRUE,snapdragon,8,5000,4,64,6.43,4,android,50
realme,8950,64,FALSE,FALSE,FALSE,unisoc,8,5000,3,32,6.5,2,android,50
vivo,12489,68,FALSE,FALSE,FALSE,helio,8,5000,4,64,6.51,2,android,13
samsung,42999,,TRUE,TRUE,FALSE,snapdragon,8,5000,8,128,6.7,4,android,108
samsung,18999,79,TRUE,FALSE,FALSE,exynos,8,5000,6,128,6.6,3,android,50
iqoo,29999,82,TRUE,TRUE,TRUE,dimensity,8,5000,8,128,6.78,3,android,64
jio,11990,64,TRUE,FALSE,FALSE,snapdragon,8,5000,4,32,6.5,1,android,13
motorola,18999,83,TRUE,TRUE,FALSE,snapdragon,8,5000,6,128,6.6,3,android,50
realme,13999,74,FALSE,FALSE,FALSE,helio,8,5000,4,64,6.4,2,android,50
realme,14965,75,TRUE,FALSE,FALSE,dimensity,8,5000,4,64,6.6,3,android,50
apple,74999,82,TRUE,TRUE,FALSE,bionic,6,4325,6,128,6.7,2,ios,12
xiaomi,10999,78,FALSE,FALSE,TRUE,helio,8,5000,6,64,6.43,4,android,64
samsung,84990,89,TRUE,TRUE,FALSE,snapdragon,8,4700,8,256,6.6,3,android,50
motorola,10499,75,FALSE,FALSE,FALSE,snapdragon,8,5000,4,64,6.55,3,android,50
xiaomi,17990,78,TRUE,TRUE,TRUE,dimensity,8,5000,6,128,6.67,3,android,108
vivo,29990,85,TRUE,TRUE,FALSE,snapdragon,8,4600,8,128,6.78,3,android,64
samsung,18499,79,FALSE,FALSE,FALSE,snapdragon,8,5000,6,128,6.6,4,android,50
vivo,16499,75,FALSE,FALSE,FALSE,helio,8,5000,6,128,6.55,2,android,50
poco,14999,81,TRUE,FALSE,TRUE,dimensity,8,5000,6,128,6.6,2,android,50
vivo,35499,86,TRUE,TRUE,FALSE,dimensity,8,4600,8,256,6.78,3,android,50
oneplus,60999,89,TRUE,TRUE,FALSE,snapdragon,8,5000,8,128,6.7,3,android,50
xiaomi,32999,87,TRUE,FALSE,TRUE,dimensity,8,4980,12,256,6.67,3,android,200
samsung,15999,78,TRUE,TRUE,FALSE,snapdragon,8,5000,4,128,6.6,3,android,50
oppo,99990,,TRUE,TRUE,FALSE,snapdragon,8,5000,8,256,7.1,2,android,50
oppo,9499,62,FALSE,FALSE,FALSE,helio,8,5000,3,64,6.56,1,android,8
vivo,27994,86,TRUE,FALSE,FALSE,dimensity,8,4200,12,256,6.44,3,android,64
iqoo,13989,75,TRUE,FALSE,FALSE,snapdragon,8,5000,4,64,6.58,2,android,50
oneplus,44999,85,TRUE,TRUE,FALSE,snapdragon,8,4800,8,128,6.7,3,android,50
xiaomi,13999,79,TRUE,FALSE,TRUE,dimensity,8,5000,6,128,6.5,3,android,48
gionee,6190,,FALSE,FALSE,FALSE,tiger,4,3500,4,32,6.26,2,other,13
apple,119900,83,TRUE,TRUE,FALSE,bionic,6,3095,6,128,6.1,3,ios,12
oppo,27660,83,TRUE,FALSE,FALSE,snapdragon,8,4800,8,128,6.58,3,android,64
samsung,24999,75,TRUE,TRUE,FALSE,exynos,8,5000,6,128,6.5,4,android,48
xiaomi,8388,66,FALSE,FALSE,FALSE,helio,8,5000,4,64,6.53,1,android,13
motorola,15999,83,FALSE,TRUE,FALSE,helio,8,5000,6,128,6.55,3,android,108
samsung,20999,82,TRUE,FALSE,FALSE,exynos,8,5000,8,128,6.6,3,android,50
realme,13999,75,TRUE,FALSE,FALSE,dimensity,8,5000,4,64,6.5,3,android,48
vivo,19990,83,TRUE,FALSE,FALSE,snapdragon,8,5000,8,128,6.58,3,android,50
samsung,13999,75,TRUE,FALSE,FALSE,dimensity,8,5000,6,128,6.5,2,android,50
motorola,22999,83,TRUE,TRUE,FALSE,snapdragon,8,4020,6,128,6.5,3,android,50
samsung,22999,79,TRUE,FALSE,FALSE,snapdragon,8,5000,6,128,6.6,4,android,50
oppo,16999,79,TRUE,FALSE,FALSE,dimensity,8,5000,8,128,6.56,2,android,48
xiaomi,14290,80,FALSE,FALSE,TRUE,snapdragon,8,5000,6,128,6.43,4,android,50
samsung,41999,,TRUE,TRUE,FALSE,snapdragon,8,5000,8,128,6.7,4,android,108
vivo,13489,69,FALSE,FALSE,FALSE,helio,8,5000,4,64,6.51,2,android,13
oneplus,22990,83,TRUE,TRUE,FALSE,dimensity,8,5000,8,128,6.59,3,android,64
motorola,16499,84,TRUE,FALSE,FALSE,snapdragon,8,5000,8,128,6.55,3,android,50
vivo,73999,,TRUE,TRUE,TRUE,snapdragon,8,4700,12,256,6.78,4,android,50.3
realme,9999,67,FALSE,FALSE,FALSE,unisoc,8,5000,4,64,6.5,2,android,50
realme,12499,75,FALSE,FALSE,FALSE,snapdragon,8,5000,4,64,6.6,3,android,50
oppo,12499,72,FALSE,FALSE,FALSE,helio,8,5000,4,64,6.56,2,android,50
iqoo,59999,88,TRUE,TRUE,FALSE,snapdragon,8,5000,8,256,6.78,3,android,50
vivo,106990,,TRUE,TRUE,FALSE,snapdragon,8,4600,12,256,8.03,4,android,50
vivo,15990,78,TRUE,FALSE,FALSE,snapdragon,8,5000,4,128,6.58,3,android,50
apple,119990,75,TRUE,TRUE,FALSE,bionic,6,3200,6,128,6.1,3,ios,48
xiaomi,19999,83,TRUE,FALSE,TRUE,snapdragon,8,5200,6,128,6.67,4,android,108
motorola,23990,83,TRUE,FALSE,FALSE,snapdragon,8,4400,8,128,6.55,3,android,50
realme,12999,80,TRUE,FALSE,FALSE,dimensity,8,5000,8,128,6.6,2,android,50
oppo,19990,82,TRUE,FALSE,FALSE,dimensity,8,4310,8,128,6.43,4,android,48
xiaomi,58990,,TRUE,TRUE,TRUE,snapdragon,8,4820,8,128,6.73,3,android,50.3
vivo,43999,87,TRUE,FALSE,FALSE,dimensity,8,5000,12,256,6.73,3,android,108
samsung,49999,86,TRUE,TRUE,FALSE,snapdragon,8,3700,8,128,6.1,3,android,50
vivo,15999,79,FALSE,FALSE,FALSE,snapdragon,8,5000,6,128,6.44,3,android,50
oneplus,36999,87,TRUE,TRUE,FALSE,dimensity,8,5000,12,256,6.7,3,android,50
tecno,39999,85,TRUE,TRUE,FALSE,dimensity,8,5160,8,256,6.8,3,android,64
apple,51999,74,TRUE,TRUE,FALSE,bionic,6,,4,64,6.1,2,ios,12
xiaomi,22999,82,TRUE,FALSE,TRUE,dimensity,8,5080,6,128,6.6,3,android,64
samsung,31999,87,TRUE,TRUE,FALSE,exynos,8,5000,6,128,6.5,4,android,64
xiaomi,6171,,FALSE,FALSE,FALSE,helio,4,5000,2,32,6.52,2,android,8
oppo,29340,83,TRUE,TRUE,FALSE,dimensity,8,4500,8,128,6.43,3,android,50
samsung,25289,87,TRUE,FALSE,FALSE,dimensity,8,5000,8,128,6.7,4,android,108
iqoo,21788,78,TRUE,FALSE,FALSE,snapdragon,8,4700,6,128,6.44,3,android,64
tesla,69999,83,TRUE,TRUE,FALSE,,8,5000,16,512,6.73,3,android,50
samsung,70990,88,TRUE,TRUE,FALSE,snapdragon,8,3900,8,128,6.1,3,android,50
motorola,34999,89,TRUE,TRUE,FALSE,snapdragon,8,4800,8,128,6.7,3,android,50
oneplus,33900,85,TRUE,TRUE,FALSE,dimensity,8,4500,12,256,6.43,3,android,50
google,29999,71,TRUE,TRUE,FALSE,google,8,4410,6,128,6.14,2,android,12.2
infinix,18999,84,TRUE,FALSE,FALSE,dimensity,8,5000,8,128,6.7,3,android,108
samsung,19499,84,TRUE,TRUE,FALSE,exynos,8,6000,8,128,6.6,4,android,50
vivo,24994,83,TRUE,FALSE,FALSE,dimensity,8,4200,8,128,6.44,3,android,64
motorola,10999,78,FALSE,TRUE,FALSE,snapdragon,8,5000,4,64,6.47,3,android,50
oneplus,24999,85,TRUE,FALSE,FALSE,snapdragon,8,5000,8,256,6.59,3,android,64
samsung,25999,82,TRUE,TRUE,FALSE,exynos,8,5000,6,128,6.4,4,android,48
google,34990,69,TRUE,TRUE,FALSE,google,8,4410,6,128,6.1,2,android,12.2
xiaomi,13466,74,TRUE,FALSE,TRUE,dimensity,8,5000,4,64,6.58,2,android,50
xiaomi,9999,76,FALSE,FALSE,TRUE,snapdragon,8,5020,4,64,6.67,4,android,48
motorola,7999,71,FALSE,FALSE,FALSE,tiger,8,5000,4,64,6.5,3,android,48
nothing,28249,86,TRUE,TRUE,FALSE,snapdragon,8,4500,8,256,6.55,2,android,50
poco,16499,82,TRUE,FALSE,TRUE,snapdragon,8,5000,6,128,6.67,3,android,64
xiaomi,22999,87,TRUE,FALSE,TRUE,snapdragon,8,5000,8,256,6.67,3,android,108
apple,46999,75,FALSE,TRUE,FALSE,bionic,6,3110,4,128,6.1,2,ios,12
realme,13999,74,FALSE,FALSE,FALSE,tiger,8,5000,6,128,6.6,3,android,50
oppo,13490,78,FALSE,FALSE,FALSE,snapdragon,8,5000,6,128,6.59,3,android,50
iqoo,28999,82,TRUE,FALSE,TRUE,snapdragon,8,4700,8,128,6.62,3,android,64
iqoo,15499,78,TRUE,FALSE,FALSE,snapdragon,8,5000,4,128,6.58,3,android,50
oppo,39999,86,TRUE,TRUE,FALSE,dimensity,8,4500,16,256,6.7,2,android,50
poco,12999,76,TRUE,FALSE,TRUE,dimensity,8,5000,4,64,6.6,2,android,50
jio,4499,,FALSE,FALSE,FALSE,,4,2800,2,64,5,1,android,5
oneplus,14999,69,FALSE,FALSE,FALSE,snapdragon,8,6000,4,64,6.52,3,android,13
samsung,8499,68,FALSE,FALSE,FALSE,helio,8,5000,4,64,6.5,2,android,13
iqoo,24990,83,TRUE,TRUE,FALSE,snapdragon,8,4400,8,128,6.62,3,android,48
samsung,16999,84,TRUE,TRUE,FALSE,exynos,8,6000,6,128,6.5,4,android,64
xiaomi,9589,71,FALSE,FALSE,FALSE,snapdragon,8,6000,4,64,6.7,2,android,50
apple,40999,74,TRUE,TRUE,FALSE,bionic,6,,4,64,5.4,2,ios,12
xiaomi,19988,79,TRUE,FALSE,TRUE,snapdragon,8,5000,6,128,6.67,3,android,48
motorola,11999,75,FALSE,TRUE,FALSE,snapdragon,8,5000,4,64,6.6,3,android,50
apple,142990,79,TRUE,TRUE,FALSE,bionic,,4352,8,256,6.68,3,ios,50
oppo,30990,87,TRUE,TRUE,FALSE,snapdragon,8,5000,8,128,6.7,2,android,108
infinix,19499,85,TRUE,FALSE,FALSE,dimensity,8,5000,8,256,6.78,3,android,50
realme,5299,,FALSE,FALSE,FALSE,tiger,8,5000,2,32,6.5,1,android,8
oppo,25969,82,TRUE,FALSE,FALSE,snapdragon,8,4500,8,128,6.43,3,android,64
realme,28999,82,TRUE,FALSE,FALSE,snapdragon,8,5000,6,128,6.4,3,android,64
realme,14999,81,FALSE,FALSE,FALSE,snapdragon,8,5000,6,128,6.4,3,android,108
cola,14999,74,FALSE,FALSE,FALSE,helio,8,5000,4,64,6.4,2,android,50
apple,129900,84,TRUE,TRUE,FALSE,bionic,6,4352,6,128,6.7,3,ios,12
oppo,58990,88,TRUE,TRUE,FALSE,snapdragon,8,4700,12,256,6.73,4,android,64
vivo,41990,88,TRUE,TRUE,TRUE,dimensity,8,4810,8,128,6.78,3,android,50
samsung,10999,74,FALSE,TRUE,FALSE,exynos,8,6000,4,64,6.6,3,android,50
xiaomi,11999,79,FALSE,FALSE,TRUE,helio,8,5000,6,128,6.43,4,android,64
realme,16999,79,FALSE,FALSE,FALSE,helio,8,5000,8,128,6.4,2,android,50
iqoo,30990,83,TRUE,TRUE,FALSE,snapdragon,8,4500,8,128,6.62,3,android,48
infinix,17999,75,TRUE,FALSE,FALSE,dimensity,8,5000,4,64,6.6,2,android,50
letv,5499,,FALSE,FALSE,FALSE,tiger,4,4000,4,32,6.54,2,android,8
xiaomi,20499,83,TRUE,FALSE,TRUE,snapdragon,8,5200,6,128,6.67,4,android,108
realme,20490,81,TRUE,FALSE,FALSE,dimensity,8,5000,6,128,6.4,3,android,48
oppo,15490,77,TRUE,FALSE,FALSE,snapdragon,8,5000,6,128,6.5,3,android,48
apple,29990,61,FALSE,TRUE,FALSE,bionic,6,2050,3,64,4.7,1,ios,12
iqoo,15499,79,TRUE,FALSE,FALSE,snapdragon,8,5000,6,128,6.58,2,android,50
xiaomi,11999,80,FALSE,FALSE,TRUE,helio,8,5000,6,64,6.43,4,android,64
realme,10999,74,FALSE,FALSE,FALSE,helio,8,5000,4,64,6.6,3,android,50
vivo,21990,82,TRUE,FALSE,FALSE,dimensity,8,5000,8,128,6.58,3,android,50
vivo,31999,85,TRUE,FALSE,FALSE,dimensity,8,4500,12,256,6.44,3,android,64
poco,11999,77,FALSE,FALSE,TRUE,helio,8,5000,6,64,6.43,3,android,64
infinix,36999,89,TRUE,FALSE,FALSE,dimensity,8,4500,8,256,6.8,3,android,200
tecno,6999,62,FALSE,FALSE,FALSE,helio,4,5000,3,32,6.56,2,android,13
motorola,39999,89,TRUE,TRUE,FALSE,snapdragon,8,4600,8,128,6.7,3,android,50
samsung,14999,78,TRUE,TRUE,FALSE,snapdragon,8,5000,4,128,6.6,3,android,50
realme,14499,79,TRUE,FALSE,FALSE,dimensity,8,5000,8,128,6.6,3,android,50
oneplus,27999,84,TRUE,TRUE,FALSE,dimensity,8,4200,8,128,6.43,3,android,50
motorola,20499,86,TRUE,TRUE,FALSE,snapdragon,8,5000,8,128,6.6,3,android,50
ikall,8099,60,FALSE,FALSE,FALSE,,4,5000,4,64,6.5,1,android,13
leeco,10999,65,FALSE,FALSE,FALSE,tiger,4,5000,8,128,6.5,2,android,13
realme,3499,63,FALSE,FALSE,FALSE,helio,8,4000,3,32,6.1,2,android,13
duoqin,9990,,FALSE,FALSE,FALSE,helio,8,2150,4,64,3.54,1,android,8
samsung,34999,85,TRUE,FALSE,FALSE,snapdragon,8,6000,6,128,6.67,3,android,64
nokia,46999,,TRUE,FALSE,FALSE,snapdragon,8,6000,12,256,6.9,1,android,200
motorola,39999,88,TRUE,TRUE,FALSE,snapdragon,8,4400,8,128,6.55,3,android,50
realme,11828,70,FALSE,FALSE,FALSE,tiger,8,5000,4,64,6.6,3,android,50
oppo,45999,86,TRUE,TRUE,FALSE,dimensity,8,4500,12,256,6.7,3,android,50
oneplus,18999,81,TRUE,FALSE,FALSE,snapdragon,8,5000,6,128,6.59,3,android,50
poco,17999,84,TRUE,FALSE,TRUE,snapdragon,8,5000,8,128,6.67,3,android,64
samsung,8499,66,FALSE,FALSE,FALSE,helio,8,5000,4,64,6.5,2,android,13
oppo,17999,76,FALSE,FALSE,FALSE,snapdragon,8,5000,8,128,6.56,2,android,50
samsung,14450,75,FALSE,FALSE,FALSE,,8,5000,4,64,6.6,4,android,50
motorola,54999,,TRUE,TRUE,FALSE,snapdragon,8,4610,8,128,6.67,3,android,200
xiaomi,71999,,TRUE,TRUE,TRUE,snapdragon,8,5000,12,256,6.6,4,android,108
motorola,12999,79,FALSE,TRUE,FALSE,snapdragon,8,5000,6,128,6.6,3,android,50
poco,11499,75,TRUE,FALSE,TRUE,dimensity,8,5000,4,64,6.58,2,android,50
nothing,35999,87,TRUE,TRUE,FALSE,snapdragon,8,4500,12,256,6.55,2,android,50
samsung,34999,76,TRUE,TRUE,FALSE,exynos,8,5000,6,128,6.4,3,android,50
tecno,11999,73,FALSE,FALSE,FALSE,helio,8,6000,8,128,6.82,2,android,50
xiaomi,27994,82,TRUE,FALSE,TRUE,dimensity,8,5000,8,256,6.67,3,android,50
apple,139990,77,TRUE,TRUE,FALSE,bionic,6,4323,6,256,6.7,3,ios,48
vivo,39999,86,TRUE,FALSE,FALSE,dimensity,8,4830,12,256,6.56,3,android,64
realme,15499,79,TRUE,FALSE,FALSE,dimensity,8,5000,6,128,6.5,3,android,48
realme,18999,80,TRUE,FALSE,FALSE,snapdragon,8,5000,6,128,6.6,3,android,64
lava,10999,73,TRUE,FALSE,FALSE,dimensity,8,5000,4,128,6.5,3,android,50
honor,27999,81,TRUE,TRUE,TRUE,snapdragon,8,5100,8,256,6.67,3,android,64
google,81999,,TRUE,TRUE,FALSE,google,8,5000,12,128,6.7,3,android,50
tecno,9999,74,FALSE,FALSE,FALSE,helio,8,7000,4,64,6.95,3,android,50
vivo,31994,85,TRUE,FALSE,FALSE,dimensity,8,4300,8,128,6.56,3,android,108
samsung,9299,65,FALSE,FALSE,FALSE,helio,8,5000,3,32,6.5,2,android,13
xiaomi,29990,84,TRUE,TRUE,TRUE,snapdragon,8,5500,8,128,6.67,3,android,64
realme,25900,78,TRUE,FALSE,FALSE,dimensity,8,4500,6,128,6.4,3,android,50
realme,16999,78,TRUE,FALSE,FALSE,dimensity,8,5000,6,128,6.6,3,android,50
motorola,24999,85,TRUE,TRUE,FALSE,snapdragon,8,4020,8,128,6.5,3,android,50
xiaomi,12188,79,FALSE,FALSE,TRUE,snapdragon,8,5000,6,64,6.43,4,android,50
vivo,8999,,FALSE,FALSE,FALSE,helio,8,5000,3,32,6.51,1,android,8
poco,7499,68,FALSE,FALSE,FALSE,helio,8,5000,4,64,6.53,3,android,13
realme,17999,79,TRUE,FALSE,FALSE,dimensity,8,5000,6,128,6.6,3,android,48
realme,24999,79,TRUE,FALSE,FALSE,snapdragon,8,5000,6,128,6.62,3,android,64
oppo,45999,86,TRUE,TRUE,FALSE,dimensity,8,4500,12,256,6.7,3,android,50
oneplus,65499,,TRUE,TRUE,FALSE,snapdragon,8,5000,12,256,6.7,3,android,50
iqoo,58990,89,TRUE,TRUE,TRUE,snapdragon,8,4700,8,256,6.78,3,android,50
vivo,11999,74,FALSE,FALSE,FALSE,snapdragon,8,5000,4,64,6.58,2,android,50
xiaomi,11999,77,FALSE,FALSE,TRUE,snapdragon,8,6000,8,128,6.7,2,android,50
oppo,18990,76,TRUE,FALSE,FALSE,dimensity,8,5000,6,128,6.56,2,android,50
vivo,14499,77,FALSE,FALSE,FALSE,snapdragon,8,5000,4,128,6.44,3,android,50
xiaomi,106990,,TRUE,TRUE,TRUE,snapdragon,8,4500,12,256,8.02,3,android,50
vivo,10499,66,FALSE,FALSE,FALSE,helio,8,5000,3,64,6.51,2,android,13
oppo,26990,86,TRUE,TRUE,FALSE,snapdragon,8,4500,8,256,6.43,3,android,64
vivo,19990,82,FALSE,FALSE,FALSE,helio,8,4050,8,128,6.44,3,android,50
xiaomi,24999,89,TRUE,TRUE,TRUE,dimensity,8,4300,8,256,6.67,3,android,200
oppo,13969,69,FALSE,FALSE,FALSE,helio,8,5000,4,64,6.56,2,android,13
samsung,44999,83,TRUE,TRUE,FALSE,snapdragon,8,5000,8,128,6.7,4,android,108
vivo,24999,84,TRUE,FALSE,FALSE,snapdragon,8,4700,8,128,6.44,3,android,64
google,53100,86,TRUE,TRUE,FALSE,google,8,4355,8,128,6.3,2,android,50
xiaomi,16999,81,TRUE,FALSE,TRUE,dimensity,8,5000,6,128,6.6,2,android,50
oppo,21899,82,FALSE,FALSE,FALSE,snapdragon,8,4500,8,128,6.43,3,android,64
apple,75999,82,TRUE,TRUE,FALSE,bionic,6,3279,6,256,6.1,2,ios,12
motorola,25999,85,TRUE,TRUE,FALSE,dimensity,8,5000,8,256,6.5,2,android,50
nubia,46990,84,TRUE,TRUE,FALSE,snapdragon,8,6000,8,128,6.8,3,android,50
motorola,9999,75,FALSE,FALSE,FALSE,helio,8,5000,4,64,6.47,3,android,50
tecno,49999,89,TRUE,TRUE,FALSE,dimensity,8,5160,12,256,6.8,3,android,50
infinix,17999,87,FALSE,TRUE,FALSE,helio,8,4500,8,128,6.7,3,android,108
iqoo,16940,80,TRUE,FALSE,FALSE,snapdragon,8,5000,6,128,6.58,3,android,50
xiaomi,17990,81,TRUE,FALSE,TRUE,snapdragon,8,5000,6,64,6.67,3,android,108
oppo,20990,84,TRUE,TRUE,FALSE,snapdragon,8,4800,8,128,6.7,2,android,108
samsung,51999,79,TRUE,TRUE,FALSE,exynos,8,4200,8,128,6.4,3,android,12
samsung,64449,87,TRUE,TRUE,FALSE,snapdragon,8,4500,8,128,6.6,3,android,50
vivo,8990,71,TRUE,FALSE,FALSE,snapdragon,8,5000,6,64,6.58,2,android,13
motorola,19999,77,FALSE,TRUE,FALSE,helio,8,5000,4,128,6.5,3,android,50
poco,13499,79,TRUE,FALSE,TRUE,dimensity,8,5000,6,128,6.58,2,android,50
tecno,15499,78,TRUE,FALSE,FALSE,dimensity,8,6000,8,128,6.9,3,android,50
poco,6499,65,FALSE,FALSE,FALSE,helio,8,5000,3,32,6.53,3,android,13
apple,71999,60,FALSE,TRUE,FALSE,bionic,,3060,4,64,6.1,2,ios,12
samsung,36499,89,TRUE,TRUE,FALSE,exynos,8,5000,8,256,6.5,4,android,64
infinix,15999,78,TRUE,FALSE,FALSE,dimensity,8,5000,6,64,6.7,3,android,50
oppo,31994,87,TRUE,TRUE,FALSE,dimensity,8,4500,12,256,6.55,3,android,50
oneplus,34999,84,TRUE,TRUE,FALSE,snapdragon,8,5000,8,128,6.7,3,android,50
redmi,18999,81,FALSE,FALSE,TRUE,snapdragon,8,5000,6,128,6.67,4,android,108
nothing,39990,88,TRUE,TRUE,FALSE,snapdragon,8,4700,8,128,6.67,3,android,50
samsung,16499,82,FALSE,FALSE,FALSE,helio,8,5000,8,128,6.4,4,android,64
google,54300,89,TRUE,TRUE,FALSE,google,8,5003,12,128,6.71,3,android,50
infinix,9999,73,FALSE,FALSE,FALSE,helio,8,5000,4,64,6.7,3,android,50
xiaomi,15990,77,TRUE,FALSE,TRUE,dimensity,8,5000,6,128,6.58,2,android,50
xiaomi,22700,86,TRUE,FALSE,TRUE,snapdragon,8,5000,8,128,6.67,3,android,108
xiaomi,50990,89,TRUE,TRUE,TRUE,snapdragon,8,4600,8,256,6.73,3,android,50
apple,64900,79,TRUE,TRUE,FALSE,bionic,6,2438,4,128,5.4,2,ios,12
tecno,13799,77,FALSE,FALSE,FALSE,helio,8,7000,6,128,6.9,3,android,50
realme,8999,65,FALSE,FALSE,FALSE,tiger,8,5000,4,64,6.52,3,android,13
asus,89999,88,TRUE,TRUE,FALSE,snapdragon,8,6000,18,512,6.78,3,android,50
vivo,21994,84,TRUE,FALSE,FALSE,dimensity,8,4050,8,128,6.44,3,android,50
apple,69990,70,FALSE,TRUE,FALSE,bionic,,3500,6,128,5.42,2,ios,12
xiaomi,12999,75,TRUE,FALSE,TRUE,dimensity,8,5000,4,64,6.5,3,android,48
iqoo,24990,83,TRUE,TRUE,FALSE,dimensity,8,5000,8,128,6.78,3,android,64
samsung,19990,82,FALSE,FALSE,FALSE,snapdragon,8,5000,8,128,6.6,4,android,50
xiaomi,26999,82,TRUE,FALSE,TRUE,dimensity,8,5000,8,128,6.67,3,android,50
xiaomi,19999,81,TRUE,TRUE,TRUE,snapdragon,8,5000,8,128,6.67,3,android,50
infinix,16900,83,FALSE,FALSE,FALSE,helio,8,5000,8,256,6.7,3,android,108
infinix,19999,78,TRUE,FALSE,FALSE,dimensity,8,5000,6,128,6.6,2,android,50
apple,182999,78,TRUE,TRUE,FALSE,bionic,6,4323,6,1024,6.7,3,ios,48
samsung,12999,75,FALSE,FALSE,FALSE,exynos,8,6000,6,128,6.6,3,android,50
poco,15999,82,TRUE,FALSE,TRUE,dimensity,8,5000,8,128,6.6,2,android,50
xiaomi,13999,82,FALSE,FALSE,TRUE,helio,8,5000,8,128,6.43,4,android,64
realme,7749,61,FALSE,FALSE,FALSE,sc9863a,8,5000,4,64,6.52,1,android,8
samsung,24999,81,TRUE,FALSE,FALSE,snapdragon,8,5000,8,128,6.6,4,android,50
motorola,59999,,TRUE,TRUE,FALSE,snapdragon,8,4610,12,256,6.67,3,android,200
oppo,25895,82,TRUE,FALSE,FALSE,snapdragon,8,4500,8,128,6.43,3,android,64
xiaomi,46990,89,TRUE,TRUE,TRUE,snapdragon,8,4500,8,128,6.36,3,android,50
xiaomi,7499,64,FALSE,FALSE,FALSE,helio,8,5000,3,32,6.53,1,android,13
vivo,7790,60,FALSE,FALSE,FALSE,helio,8,5000,2,32,6.51,1,android,8
xiaomi,25999,85,TRUE,FALSE,TRUE,dimensity,8,5080,8,256,6.6,3,android,64
realme,6299,60,FALSE,FALSE,FALSE,tiger,8,5000,3,32,6.5,1,android,8
motorola,12999,77,TRUE,TRUE,FALSE,snapdragon,8,5000,4,64,6.8,3,android,50
xiaomi,11999,75,FALSE,FALSE,FALSE,snapdragon,8,6000,6,128,6.7,2,android,50
xiaomi,21890,83,TRUE,TRUE,TRUE,snapdragon,8,4250,6,128,6.55,3,android,64
apple,55999,75,TRUE,TRUE,FALSE,bionic,6,,4,128,6.1,2,ios,12
oneplus,55999,87,TRUE,TRUE,FALSE,snapdragon,8,4800,16,256,6.7,3,android,50
samsung,14999,75,FALSE,FALSE,FALSE,,8,5000,4,128,6.6,4,android,50
oppo,25994,85,TRUE,TRUE,FALSE,dimensity,8,4500,8,256,6.43,3,android,64
oneplus,42999,85,TRUE,TRUE,FALSE,snapdragon,8,4500,8,128,6.62,3,android,50
samsung,33499,89,TRUE,TRUE,FALSE,exynos,8,5000,8,128,6.5,4,android,64
samsung,118999,,TRUE,TRUE,FALSE,snapdragon,8,5000,12,512,6.8,4,android,108
motorola,16999,80,TRUE,TRUE,FALSE,snapdragon,8,5000,6,128,6.4,3,android,50
itel,6990,,FALSE,FALSE,FALSE,,4,4000,2,32,6.6,3,android,8
vivo,29990,82,TRUE,FALSE,FALSE,dimensity,8,5000,8,128,6,3,android,50
samsung,12944,71,TRUE,FALSE,FALSE,dimensity,8,5000,4,64,6.5,2,android,50
poco,29990,84,TRUE,TRUE,TRUE,dimensity,8,5000,8,128,6.7,3,android,64
honor,16999,80,TRUE,TRUE,FALSE,snapdragon,8,4800,8,128,6.81,3,android,48
iqoo,64999,89,TRUE,TRUE,FALSE,snapdragon,8,5000,16,256,6.78,3,android,50
samsung,154998,,TRUE,TRUE,FALSE,snapdragon,8,4400,12,256,7.6,3,android,50
apple,84999,83,TRUE,TRUE,FALSE,bionic,6,4325,6,256,6.7,2,ios,12
samsung,27499,85,TRUE,TRUE,FALSE,exynos,8,5000,8,128,6.4,4,android,48
tecno,8999,69,FALSE,FALSE,FALSE,helio,8,5000,6,128,6.6,2,android,13
google,40480,84,TRUE,TRUE,FALSE,google,8,4614,8,128,6.4,2,android,50
xiaomi,17999,81,FALSE,FALSE,TRUE,snapdragon,8,5020,6,128,6.67,4,android,64
samsung,105999,,TRUE,TRUE,FALSE,exynos,8,5000,12,256,6.8,4,android,108
infinix,8999,67,FALSE,FALSE,FALSE,helio,8,6000,4,64,6.82,2,android,13
vivo,14999,77,FALSE,FALSE,FALSE,snapdragon,8,5000,6,128,6.58,2,android,50
oppo,19990,82,TRUE,FALSE,FALSE,snapdragon,8,4500,8,128,6.5,3,android,64
iqoo,23399,80,TRUE,FALSE,FALSE,snapdragon,8,4700,8,128,6.44,3,android,64
samsung,41990,,TRUE,TRUE,FALSE,snapdragon,8,5000,8,256,6.7,4,android,108
realme,22998,82,TRUE,FALSE,FALSE,snapdragon,8,5000,8,128,6.6,3,android,48
poco,25999,82,TRUE,TRUE,FALSE,snapdragon,8,4500,6,128,6.67,3,android,64
infinix,11700,74,FALSE,FALSE,FALSE,helio,8,5000,4,64,6.7,3,android,50
samsung,6499,,FALSE,FALSE,FALSE,unisoc,4,5000,2,32,6.5,1,android,8
motorola,15999,84,FALSE,TRUE,FALSE,snapdragon,8,6000,6,128,6.78,3,android,108
oneplus,64800,89,TRUE,TRUE,FALSE,snapdragon,8,4500,8,128,6.7,4,android,48
xiaomi,14590,80,FALSE,FALSE,TRUE,helio,8,5000,6,64,6.43,4,android,108
xiaomi,7499,68,FALSE,FALSE,FALSE,helio,8,5000,4,64,6.53,2,android,13
tecno,21999,82,TRUE,TRUE,FALSE,dimensity,8,5000,8,128,6.8,3,android,64
samsung,11999,71,FALSE,FALSE,FALSE,helio,8,5000,4,64,6.5,2,android,50
poco,12999,79,FALSE,FALSE,TRUE,helio,8,5000,6,128,6.43,3,android,64
oneplus,20990,81,TRUE,TRUE,FALSE,snapdragon,8,4500,6,128,6.43,3,android,64
apple,72999,79,TRUE,TRUE,FALSE,bionic,6,3240,4,256,6.1,2,ios,12
oppo,77990,,TRUE,TRUE,FALSE,snapdragon,8,4700,12,256,6.78,3,android,50
vivo,56999,,TRUE,TRUE,TRUE,dimensity,8,4870,8,256,6.78,3,android,50.3
motorola,21999,79,TRUE,TRUE,FALSE,snapdragon,8,5000,4,128,6.5,2,android,50
motorola,9499,75,FALSE,FALSE,FALSE,helio,8,5000,4,64,6.53,4,android,50
xiaomi,7499,66,FALSE,FALSE,FALSE,helio,8,5000,4,64,6.53,1,android,13
jio,4649,,FALSE,FALSE,FALSE,snapdragon,4,3500,2,32,5.45,1,android,13
vivo,18000,62,FALSE,FALSE,FALSE,helio,8,4030,4,32,6.2,2,android,13
xiaomi,38999,85,TRUE,TRUE,TRUE,snapdragon,8,5000,8,128,6.67,3,android,54
realme,7145,,FALSE,FALSE,FALSE,unisoc,8,5000,2,32,6.5,1,android,8
vivo,14990,77,FALSE,FALSE,FALSE,snapdragon,8,5000,8,128,6.55,2,android,50
oppo,15499,70,FALSE,FALSE,FALSE,helio,8,5000,4,64,6.56,2,android,50
xiaomi,9999,69,FALSE,FALSE,TRUE,helio,8,5000,6,128,6.53,1,android,13
poco,29999,86,TRUE,TRUE,FALSE,snapdragon,8,4500,12,256,6.67,3,android,64
realme,15999,84,FALSE,FALSE,FALSE,snapdragon,8,5000,8,128,6.4,3,android,108
xiaomi,59990,89,TRUE,TRUE,TRUE,snapdragon,8,5000,8,128,6.67,3,android,200
iqoo,34990,84,TRUE,FALSE,FALSE,snapdragon,8,4350,8,128,6.56,3,android,48
apple,45999,75,TRUE,TRUE,FALSE,bionic,6,,4,128,5.4,2,ios,12
samsung,119990,85,TRUE,FALSE,FALSE,snapdragon,8,5100,12,256,6.83,4,android,200
oneplus,50999,87,TRUE,TRUE,FALSE,snapdragon,8,4800,12,256,6.7,3,android,50
tecno,7999,65,FALSE,FALSE,FALSE,helio,8,5000,4,64,6.6,2,android,13
samsung,43999,88,TRUE,TRUE,FALSE,exynos,8,4500,8,256,6.4,3,android,12
xiaomi,18499,83,TRUE,FALSE,TRUE,dimensity,8,5000,8,128,6.6,2,android,50
sony,134999,,TRUE,TRUE,FALSE,snapdragon,8,4500,12,512,6.5,3,android,12
vivo,32999,85,TRUE,FALSE,FALSE,snapdragon,8,4300,8,128,6.44,4,android,64
poco,13499,80,FALSE,FALSE,TRUE,snapdragon,8,6000,6,64,6.67,4,android,64
samsung,35489,86,FALSE,TRUE,FALSE,exynos,8,4500,8,128,6.5,3,android,12
google,20120,78,FALSE,TRUE,FALSE,snapdragon,8,2800,6,64,5.7,2,android,16
samsung,42999,81,FALSE,TRUE,FALSE,exynos,8,4100,8,128,6.4,3,android,16
realme,24999,78,TRUE,FALSE,FALSE,dimensity,8,4200,6,128,6.4,3,android,50
oppo,20999,82,FALSE,FALSE,FALSE,snapdragon,8,4500,8,128,6.5,3,android,64
realme,28994,84,TRUE,TRUE,FALSE,snapdragon,8,5000,8,128,6.62,3,android,50
samsung,48900,88,TRUE,TRUE,FALSE,exynos,8,4000,8,128,6.2,3,android,64
samsung,22494,86,FALSE,FALSE,FALSE,snapdragon,8,4500,8,128,6.7,4,android,64
vivo,8990,61,FALSE,FALSE,FALSE,helio,8,5000,3,32,6.51,1,android,8
letv,6999,,FALSE,FALSE,FALSE,unisoc,8,4000,4,32,6.5,3,android,13
tecno,8890,63,FALSE,FALSE,FALSE,unisoc,8,5000,4,64,6.6,2,android,13
iqoo,18498,82,TRUE,FALSE,FALSE,snapdragon,8,5000,8,128,6.58,3,android,50
vivo,23999,81,TRUE,FALSE,FALSE,snapdragon,8,4700,6,128,6.44,3,android,64
realme,22994,81,TRUE,FALSE,FALSE,dimensity,8,4500,8,128,6.4,3,android,50
samsung,12990,71,FALSE,FALSE,FALSE,exynos,8,5000,4,64,6.5,3,android,50
realme,14999,78,FALSE,FALSE,FALSE,snapdragon,8,5000,6,128,6.6,3,android,50
realme,18499,80,TRUE,FALSE,FALSE,dimensity,8,5000,8,128,6.5,3,android,48
oppo,14990,78,FALSE,FALSE,FALSE,snapdragon,8,5000,6,128,6.4,3,android,48
samsung,12120,75,FALSE,FALSE,FALSE,helio,8,6000,4,64,6.4,4,android,64
oukitel,29990,84,FALSE,TRUE,FALSE,helio,8,21000,8,256,6.78,3,android,64
realme,20999,82,TRUE,FALSE,FALSE,snapdragon,8,5000,8,128,6.6,3,android,64
xiaomi,11999,80,FALSE,FALSE,TRUE,snapdragon,8,5020,6,128,6.67,4,android,48
samsung,17990,73,TRUE,TRUE,FALSE,dimensity,8,5000,4,64,6.5,3,android,50
xiaomi,14990,77,TRUE,FALSE,TRUE,dimensity,8,5000,4,128,6.6,2,android,50
itel,6490,,FALSE,FALSE,FALSE,spreadtrum,4,5000,1,16,6.5,2,android,8
realme,34999,83,TRUE,TRUE,FALSE,snapdragon,8,4600,8,128,6.7,3,android,50
apple,149900,79,TRUE,TRUE,FALSE,bionic,8,4700,8,128,6.73,3,ios,48
poco,6499,,FALSE,FALSE,FALSE,helio,4,5000,2,32,6.52,2,android,8
samsung,104999,,TRUE,TRUE,FALSE,snapdragon,8,4500,12,256,6.71,3,android,200
realme,13999,75,FALSE,FALSE,FALSE,snapdragon,8,5000,4,128,6.6,3,android,50
xiaomi,16999,79,TRUE,FALSE,TRUE,dimensity,8,5000,6,64,6.6,2,android,50
vivo,79999,,TRUE,TRUE,FALSE,snapdragon,8,4700,12,256,6.78,4,android,50
oppo,36760,87,TRUE,TRUE,FALSE,dimensity,8,4500,12,256,6.55,4,android,64
xiaomi,23499,81,TRUE,FALSE,TRUE,dimensity,8,5160,6,128,6.67,3,android,108
asus,75990,87,TRUE,TRUE,FALSE,snapdragon,8,6000,18,256,6.8,3,android,64
oppo,21990,76,TRUE,FALSE,FALSE,snapdragon,8,5000,6,128,6.56,2,android,48
realme,18999,80,TRUE,FALSE,FALSE,snapdragon,8,5000,6,128,6.6,3,android,48
samsung,7249,66,FALSE,FALSE,FALSE,unisoc,8,5000,3,32,6.5,2,android,48
oneplus,16990,75,TRUE,TRUE,FALSE,snapdragon,8,5000,4,64,6.49,3,android,13
xiaomi,23890,80,TRUE,FALSE,TRUE,snapdragon,8,4520,6,128,6.67,3,android,48
oppo,26380,83,TRUE,TRUE,FALSE,dimensity,8,4300,8,128,6.43,3,android,64
realme,27999,87,TRUE,TRUE,FALSE,snapdragon,8,4200,12,256,6.44,4,android,64
xiaomi,10850,70,FALSE,FALSE,FALSE,helio,8,5000,6,128,6.53,1,android,13
redmi,19999,81,TRUE,TRUE,TRUE,snapdragon,8,5000,6,128,6.67,3,android,108
apple,129990,76,TRUE,TRUE,FALSE,bionic,6,3200,6,256,6.1,3,ios,48
motorola,19990,81,TRUE,TRUE,FALSE,snapdragon,8,5000,6,128,6.5,3,android,108
motorola,41990,,TRUE,TRUE,FALSE,snapdragon,8,4450,8,128,6.67,3,android,200
xiaomi,69990,,TRUE,TRUE,TRUE,snapdragon,8,4860,8,256,6.73,3,android,50
honor,39990,88,TRUE,TRUE,FALSE,snapdragon,8,4800,12,512,6.67,3,android,54
oneplus,74999,,TRUE,TRUE,FALSE,snapdragon,8,5000,12,512,6.7,3,android,50
vivo,36994,87,TRUE,FALSE,FALSE,dimensity,8,4300,12,256,6.56,3,android,108
oppo,14700,76,FALSE,FALSE,FALSE,helio,8,5000,6,128,6.51,3,android,50
xiaomi,34990,86,TRUE,TRUE,TRUE,snapdragon,8,5000,8,128,6.67,3,android,108
nokia,34999,76,TRUE,FALSE,FALSE,snapdragon,,6000,6,64,6.81,4,android,108
xiaomi,13990,75,FALSE,FALSE,TRUE,snapdragon,8,5000,4,64,6.43,4,android,48
vertu,650000,62,FALSE,TRUE,FALSE,snapdragon,8,2275,2,64,4.7,1,android,13
samsung,14859,79,FALSE,FALSE,FALSE,helio,8,6000,6,128,6.4,4,android,64
tecno,17999,84,FALSE,TRUE,FALSE,helio,8,5000,8,128,6.8,3,android,64
poco,34990,85,TRUE,TRUE,FALSE,snapdragon,8,4700,8,128,6.7,3,android,64
blu,14990,85,TRUE,TRUE,FALSE,dimensity,8,5000,8,128,6.8,4,android,48
oppo,8999,65,FALSE,FALSE,FALSE,helio,8,4230,3,32,6.52,1,android,13
motorola,8999,71,FALSE,FALSE,FALSE,helio,8,5000,4,64,6.5,2,android,50
xiaomi,15824,84,FALSE,FALSE,TRUE,helio,8,5000,8,128,6.43,4,android,108
apple,43900,,TRUE,TRUE,FALSE,bionic,6,,4,64,4.7,1,ios,12
samsung,22494,86,FALSE,FALSE,FALSE,snapdragon,8,4500,8,128,6.5,4,android,64
poco,19650,82,FALSE,FALSE,TRUE,snapdragon,8,5160,6,128,6.67,4,android,48
xiaomi,6999,61,FALSE,FALSE,FALSE,helio,8,5000,2,32,6.53,1,android,13
samsung,16499,80,FALSE,FALSE,FALSE,helio,8,5000,6,128,6.4,4,android,64
motorola,15999,75,FALSE,TRUE,FALSE,helio,8,5000,4,128,6.5,3,android,50
asus,72999,88,TRUE,TRUE,FALSE,dimensity,8,6000,16,256,6.78,3,android,50
xiaomi,26999,84,TRUE,FALSE,TRUE,dimensity,8,4980,6,128,6.67,3,android,200
infinix,6999,,FALSE,FALSE,FALSE,helio,4,5000,2,32,6.6,2,android,8
apple,130990,75,TRUE,TRUE,FALSE,bionic,,,8,128,6.06,3,ios,50
realme,12787,71,FALSE,FALSE,FALSE,tiger,8,5000,4,128,6.6,3,android,50
infinix,9999,72,FALSE,FALSE,FALSE,helio,8,6000,4,64,6.82,3,android,50
vivo,54999,86,TRUE,FALSE,FALSE,dimensity,8,4500,8,128,6.78,3,android,50
vivo,15490,79,FALSE,FALSE,FALSE,helio,8,5000,8,128,6.58,3,android,64
tecno,25999,84,FALSE,FALSE,FALSE,helio,8,4700,8,256,6.7,3,android,50
samsung,9499,68,FALSE,FALSE,FALSE,helio,8,5000,4,128,6.5,2,android,13
redmi,7999,70,FALSE,FALSE,FALSE,helio,8,5000,4,64,6.71,2,android,50
asus,63990,86,TRUE,TRUE,FALSE,snapdragon,8,4300,8,128,5.9,2,android,50
sony,15990,73,FALSE,TRUE,FALSE,helio,8,4000,4,64,6.2,3,android,13
iqoo,34949,85,TRUE,TRUE,FALSE,snapdragon,8,4500,12,256,6.62,3,android,48
tecno,8799,72,FALSE,FALSE,FALSE,helio,8,5000,4,64,6.8,3,android,48
xiaomi,12390,74,FALSE,FALSE,TRUE,helio,8,6000,4,64,6.5,4,android,50
samsung,11499,73,FALSE,FALSE,FALSE,helio,8,6000,4,64,6.4,4,android,48
xiaomi,199990,,TRUE,FALSE,FALSE,snapdragon,8,4050,12,512,7.92,3,android,108
oppo,42990,86,TRUE,TRUE,FALSE,dimensity,8,5000,16,256,6.73,2,android,50
nubia,34999,82,TRUE,TRUE,FALSE,snapdragon,8,5000,8,128,6.67,3,android,64
samsung,11999,75,FALSE,TRUE,FALSE,exynos,8,6000,4,128,6.6,3,android,50
nokia,10499,70,FALSE,FALSE,FALSE,unisoc,8,5000,4,64,6.52,2,android,50
infinix,8910,66,FALSE,FALSE,FALSE,tiger,8,6000,4,64,6.82,2,android,13
vivo,24990,85,TRUE,FALSE,FALSE,snapdragon,8,4700,8,128,6.62,3,android,64
oppo,17999,84,TRUE,TRUE,FALSE,snapdragon,8,4500,8,128,6.43,3,android,64
xiaomi,22999,86,TRUE,TRUE,TRUE,snapdragon,8,4250,8,128,6.55,3,android,64
realme,6490,,FALSE,FALSE,FALSE,unisoc,8,5000,2,32,6.5,1,android,8
infinix,21990,85,TRUE,FALSE,FALSE,helio,8,4500,8,128,6.67,3,android,108
samsung,12364,76,FALSE,FALSE,FALSE,helio,8,6000,4,64,6.4,4,android,64
samsung,39990,86,TRUE,TRUE,FALSE,snapdragon,8,4500,6,128,6.71,3,android,64
xiaomi,11999,77,FALSE,FALSE,FALSE,snapdragon,8,4000,6,64,6.18,2,android,12
vivo,7499,,FALSE,FALSE,FALSE,helio,4,1900,1,16,4.5,1,android,5
lyf,3990,60,FALSE,FALSE,FALSE,snapdragon,8,3500,3,32,5.5,2,android,13
motorola,10499,65,FALSE,FALSE,FALSE,tiger,8,5000,2,64,6.5,1,android,13
tecno,6299,,FALSE,FALSE,FALSE,helio,4,5000,2,32,6.56,2,android,8
itel,5990,,FALSE,FALSE,FALSE,unisoc,4,3020,2,32,5,1,android,2
vivo,113990,,TRUE,TRUE,FALSE,snapdragon,8,4730,12,256,8.03,4,android,50
huawei,239999,81,FALSE,TRUE,TRUE,snapdragon,8,4700,12,512,6.74,3,other,50
samsung,21999,84,TRUE,TRUE,FALSE,dimensity,8,7000,6,128,6.7,4,android,64
iqoo,15999,80,FALSE,FALSE,FALSE,snapdragon,8,5000,6,128,6.44,3,android,50
sony,69990,86,TRUE,TRUE,FALSE,snapdragon,8,4000,8,128,6.1,3,android,12
vivo,12990,71,FALSE,FALSE,FALSE,helio,8,5000,4,128,6.35,3,android,13
sony,92980,,TRUE,TRUE,FALSE,snapdragon,8,5000,12,512,6.5,4,android,12
tecno,15999,74,FALSE,FALSE,FALSE,helio,8,6000,8,256,6.66,2,android,50
huawei,23999,84,FALSE,TRUE,FALSE,snapdragon,8,4500,8,256,6.67,3,android,108
vivo,12999,75,FALSE,FALSE,FALSE,snapdragon,8,5000,4,128,6.58,2,android,50
nubia,60990,86,TRUE,TRUE,FALSE,snapdragon,8,5000,12,256,6.8,3,android,64
motorola,8859,67,FALSE,FALSE,FALSE,helio,8,5000,4,64,6.5,3,android,16
iqoo,33749,84,TRUE,FALSE,TRUE,snapdragon,8,4700,12,256,6.62,3,android,64
samsung,15990,63,FALSE,FALSE,FALSE,,8,5000,6,64,6.5,3,android,48
poco,24990,84,TRUE,TRUE,TRUE,dimensity,8,5080,8,128,6.6,3,android,64
realme,14999,76,TRUE,FALSE,FALSE,dimensity,8,5000,4,128,6.6,3,android,48
vivo,17990,76,TRUE,FALSE,FALSE,dimensity,8,4500,6,128,6.64,2,android,50
honor,24990,75,TRUE,FALSE,FALSE,dimensity,8,4300,8,128,6.67,3,android,64
xiaomi,11600,74,FALSE,FALSE,TRUE,helio,8,5000,4,64,6.58,3,android,50
realme,8299,62,FALSE,FALSE,FALSE,tiger,8,5000,3,32,6.52,3,android,13
motorola,11999,78,FALSE,FALSE,FALSE,helio,8,5000,6,128,6.47,3,android,50
oneplus,27999,77,FALSE,TRUE,FALSE,snapdragon,8,3300,8,128,6.28,2,android,20
google,15990,69,FALSE,TRUE,FALSE,snapdragon,8,3520,4,128,6,1,android,12.2
xiaomi,7289,60,FALSE,FALSE,FALSE,helio,4,5000,2,32,6.52,2,android,8
honor,30990,86,TRUE,TRUE,FALSE,snapdragon,8,4800,8,256,6.67,3,android,54
realme,15499,77,FALSE,FALSE,FALSE,helio,8,5000,6,128,6.6,3,android,50
vivo,8499,66,FALSE,FALSE,FALSE,helio,8,5000,3,32,6.51,2,android,13
samsung,14490,80,FALSE,FALSE,FALSE,helio,8,6000,6,128,6.4,4,android,64
samsung,15490,80,TRUE,FALSE,FALSE,dimensity,8,5000,6,128,6.6,3,android,64
realme,14990,78,TRUE,FALSE,FALSE,snapdragon,8,5000,6,128,6.6,3,android,50
poco,15999,75,TRUE,FALSE,TRUE,dimensity,8,5000,4,64,6.5,3,android,48
google,36000,82,TRUE,TRUE,FALSE,snapdragon,8,4080,8,128,6,2,android,16
oneplus,69999,,TRUE,TRUE,FALSE,snapdragon,8,4800,12,256,6.73,3,android,108
xiaomi,26990,86,TRUE,TRUE,TRUE,dimensity,8,4300,8,256,6.67,3,android,200
samsung,10630,71,FALSE,FALSE,FALSE,exynos,8,6000,4,64,6.6,3,android,50
oppo,42990,85,TRUE,TRUE,FALSE,dimensity,8,4500,8,256,6.7,3,android,50
vivo,24990,77,TRUE,FALSE,FALSE,dimensity,8,4500,8,128,6.58,3,android,50
iqoo,14489,77,FALSE,FALSE,FALSE,snapdragon,8,5000,4,128,6.44,3,android,50
oppo,16490,73,FALSE,FALSE,FALSE,snapdragon,8,5000,6,128,6.56,2,android,13
realme,24494,82,TRUE,FALSE,FALSE,dimensity,8,4500,8,256,6.4,3,android,50
vivo,7999,61,FALSE,FALSE,FALSE,helio,8,5000,2,32,6.51,1,android,8
motorola,23990,85,TRUE,FALSE,FALSE,snapdragon,8,5000,6,128,6.8,3,android,108
realme,49959,89,TRUE,TRUE,FALSE,snapdragon,8,5000,8,128,6.7,3,android,50
apple,129900,83,TRUE,TRUE,FALSE,bionic,6,3095,6,256,6.1,3,ios,12
vivo,19990,80,FALSE,FALSE,FALSE,helio,8,4000,8,128,6.44,3,android,64
samsung,14990,67,FALSE,TRUE,FALSE,,8,5000,4,64,6.62,3,android,50
vivo,23269,85,FALSE,FALSE,FALSE,snapdragon,8,4000,8,128,6.44,3,android,64
xiaomi,13999,75,FALSE,FALSE,TRUE,snapdragon,8,5020,4,64,6.67,4,android,48
oneplus,35389,85,TRUE,TRUE,FALSE,dimensity,8,5000,8,128,6.7,3,android,50
google,79700,,TRUE,TRUE,FALSE,google,8,5003,12,256,6.71,3,android,50
nokia,9499,62,FALSE,FALSE,FALSE,unisoc,8,5050,3,32,6.74,3,android,13
infinix,12340,76,FALSE,FALSE,FALSE,tiger,8,5000,8,128,6.6,2,android,50
poco,10799,74,FALSE,FALSE,TRUE,helio,8,5000,4,64,6.58,3,android,50
xiaomi,14990,73,FALSE,FALSE,FALSE,snapdragon,8,6000,4,128,6.7,2,android,50
zte,61990,89,TRUE,TRUE,FALSE,snapdragon,8,5000,8,128,6.8,3,android,64
xiaomi,51880,,TRUE,TRUE,TRUE,snapdragon,8,4600,12,256,6.73,3,android,50
oppo,16990,80,FALSE,FALSE,FALSE,snapdragon,8,5000,8,128,6.59,3,android,50
huawei,19990,84,FALSE,TRUE,FALSE,snapdragon,8,4000,8,128,6.78,4,android,108
samsung,57999,87,TRUE,TRUE,FALSE,snapdragon,8,3700,8,256,6.1,3,android,50
lenovo,46990,87,TRUE,TRUE,FALSE,snapdragon,8,5600,12,256,6.92,2,android,64
vivo,20990,77,TRUE,TRUE,FALSE,dimensity,8,5000,4,128,6.58,3,android,50
nokia,17990,82,TRUE,TRUE,FALSE,snapdragon,8,4470,6,128,6.67,4,android,48
realme,17499,82,TRUE,FALSE,FALSE,dimensity,8,5000,8,128,6.5,3,android,64
realme,17999,80,TRUE,FALSE,FALSE,dimensity,8,5000,6,128,6.5,3,android,64
nokia,49990,,TRUE,FALSE,FALSE,snapdragon,8,6000,8,128,6.51,4,android,200
poco,14999,74,TRUE,FALSE,TRUE,snapdragon,8,5000,4,128,6.67,3,android,48
xiaomi,19980,82,FALSE,FALSE,TRUE,snapdragon,8,5020,6,128,6.67,4,android,108
iqoo,35990,85,TRUE,TRUE,FALSE,snapdragon,8,4400,12,256,6.62,3,android,48
realme,15999,78,FALSE,FALSE,FALSE,helio,8,5000,4,128,6.4,4,android,64
samsung,41999,88,FALSE,TRUE,FALSE,exynos,8,4000,8,128,6.2,3,android,64
xiaomi,25999,83,TRUE,TRUE,TRUE,dimensity,8,5500,8,128,6.67,3,android,48
motorola,7990,65,FALSE,FALSE,FALSE,helio,8,5000,3,32,6.5,3,android,16
oneplus,29990,84,TRUE,TRUE,FALSE,dimensity,8,4500,8,128,6.43,3,android,50
oppo,27990,83,TRUE,FALSE,FALSE,snapdragon,8,4500,8,128,6.43,4,android,50
poco,29999,84,TRUE,TRUE,TRUE,snapdragon,8,5500,8,128,6.67,3,android,64
oppo,8999,68,FALSE,FALSE,FALSE,helio,8,4230,4,64,6.52,1,android,13
poco,13999,81,FALSE,FALSE,TRUE,helio,8,5000,8,128,6.43,3,android,64
realme,11499,71,FALSE,FALSE,FALSE,helio,8,6000,4,64,6.5,3,android,50
asus,39999,87,TRUE,TRUE,FALSE,snapdragon,8,6000,8,128,6.78,3,android,64
realme,27999,84,TRUE,TRUE,FALSE,snapdragon,8,4300,8,128,6.43,3,android,64
samsung,24499,79,TRUE,TRUE,FALSE,dimensity,8,5000,6,128,6.5,4,android,48
nubia,60999,86,TRUE,TRUE,FALSE,snapdragon,8,5000,12,256,6.8,3,android,50
samsung,110999,89,TRUE,TRUE,FALSE,snapdragon,8,4400,12,256,7.6,3,android,12
xiaomi,16490,80,FALSE,FALSE,TRUE,snapdragon,8,5020,6,64,6.67,4,android,64
samsung,24990,83,FALSE,FALSE,FALSE,snapdragon,8,4500,6,128,6.5,4,android,64
vivo,25000,,FALSE,FALSE,FALSE,snapdragon,4,3360,3,16,6,1,android,13
samsung,9950,66,FALSE,FALSE,FALSE,helio,8,5000,3,64,6.5,2,android,13
oppo,12999,75,TRUE,FALSE,FALSE,dimensity,8,5000,8,128,6.56,2,android,13
oppo,19999,83,FALSE,TRUE,FALSE,helio,8,5000,8,256,6.67,3,android,50
oppo,32999,84,TRUE,TRUE,FALSE,snapdragon,8,5000,8,256,6.73,3,android,50
nokia,28498,81,TRUE,TRUE,FALSE,snapdragon,8,4500,6,128,6.58,3,android,50
oppo,15998,71,FALSE,FALSE,FALSE,helio,8,5000,4,128,6.56,2,android,50
motorola,59990,89,TRUE,TRUE,FALSE,snapdragon,8,4800,8,128,6.7,3,android,50
oppo,16990,78,TRUE,FALSE,FALSE,snapdragon,8,5000,6,128,6.59,3,android,64
iqoo,27999,82,TRUE,FALSE,FALSE,snapdragon,8,4700,12,256,6.44,3,android,64
nokia,13499,75,FALSE,FALSE,FALSE,unisoc,8,5050,6,128,6.5,3,android,50
samsung,16499,78,FALSE,FALSE,FALSE,,8,5000,6,128,6.6,4,android,50
oppo,10999,66,FALSE,FALSE,FALSE,helio,8,4230,4,64,6.52,1,android,13
xiaomi,13990,71,FALSE,FALSE,FALSE,snapdragon,8,6000,4,64,6.7,2,android,50
tecno,9999,74,FALSE,FALSE,FALSE,helio,8,5000,4,64,6.6,3,android,48
realme,31994,83,TRUE,TRUE,FALSE,dimensity,8,5000,8,128,6.7,3,android,50
xiaomi,24820,83,TRUE,FALSE,TRUE,dimensity,8,4500,6,128,6.67,3,android,108
iqoo,22990,83,TRUE,FALSE,FALSE,snapdragon,8,4700,8,128,6.62,3,android,64
iqoo,59990,88,TRUE,TRUE,FALSE,snapdragon,8,4700,8,256,6.78,3,android,50
realme,8999,62,FALSE,FALSE,FALSE,unisoc,8,5000,4,64,6.5,1,android,8
xiaomi,10499,72,FALSE,FALSE,FALSE,helio,8,5000,6,128,6.53,2,android,13
jio,7499,,FALSE,FALSE,FALSE,snapdragon,4,3000,3,32,5.5,1,android,13
xiaomi,9990,75,FALSE,FALSE,TRUE,helio,8,4000,4,64,6.3,4,android,48
xiaomi,12490,76,TRUE,FALSE,TRUE,dimensity,8,5000,4,128,6.5,3,android,48
vivo,13990,69,FALSE,FALSE,FALSE,helio,8,5000,4,64,6.51,3,android,13
samsung,17990,79,TRUE,FALSE,FALSE,dimensity,8,5000,6,128,6.6,3,android,48
vivo,24999,83,FALSE,FALSE,FALSE,dimensity,8,4000,8,128,6.44,3,android,64
realme,21999,85,FALSE,FALSE,FALSE,snapdragon,8,4500,8,128,6.4,4,android,64
oneplus,19999,77,FALSE,FALSE,FALSE,snapdragon,8,4300,8,128,6.55,3,android,48
samsung,99999,,TRUE,TRUE,FALSE,exynos,8,5000,12,128,6.9,4,android,108
apple,109900,77,FALSE,TRUE,FALSE,bionic,6,3500,4,64,6.5,3,ios,12
apple,52990,,FALSE,FALSE,FALSE,fusion,4,2230,3,32,4.7,1,ios,13
sony,19990,80,FALSE,TRUE,FALSE,snapdragon,8,5000,8,128,6.5,2,android,50
samsung,11499,69,FALSE,FALSE,FALSE,helio,8,5000,4,128,6.5,2,android,13
xiaomi,13999,75,FALSE,FALSE,TRUE,helio,8,5000,4,64,6.67,3,android,48
vivo,28990,84,TRUE,FALSE,FALSE,snapdragon,8,5000,8,256,6.7,3,android,108
poco,27999,85,TRUE,TRUE,FALSE,snapdragon,8,4500,8,128,6.67,3,android,64
xiaomi,19990,82,TRUE,TRUE,TRUE,dimensity,8,5080,6,128,6.6,3,android,64
realme,22999,83,TRUE,FALSE,FALSE,dimensity,8,5000,8,128,6.4,3,android,48
vivo,17999,82,FALSE,FALSE,FALSE,snapdragon,8,5000,8,128,6.44,3,android,50
xiaomi,15499,81,FALSE,FALSE,TRUE,helio,8,5000,6,128,6.43,4,android,108
lava,17990,84,TRUE,FALSE,FALSE,dimensity,8,5000,8,128,6.78,4,android,64
realme,13999,77,FALSE,FALSE,FALSE,helio,8,5000,6,128,6.6,3,android,50
oppo,13499,73,FALSE,FALSE,FALSE,helio,8,5000,4,64,6.51,3,android,50
poco,14799,79,TRUE,FALSE,TRUE,dimensity,8,5000,6,128,6.5,3,android,48
realme,6999,62,FALSE,FALSE,FALSE,unisoc,8,5000,3,32,6.5,3,android,13
oppo,11999,69,FALSE,FALSE,FALSE,helio,8,5000,4,64,6.52,3,android,13
vivo,23994,85,TRUE,FALSE,FALSE,dimensity,8,4000,8,128,6.44,3,android,64
apple,139900,80,TRUE,TRUE,FALSE,bionic,6,,6,512,6.1,3,ios,12
sony,69999,89,TRUE,TRUE,FALSE,snapdragon,8,4000,8,256,6.5,4,android,12
motorola,57999,89,TRUE,TRUE,FALSE,snapdragon,8,5000,12,256,6.7,3,android,108
samsung,86000,87,FALSE,TRUE,FALSE,exynos,8,4300,8,256,6.7,3,android,64
samsung,11999,71,FALSE,FALSE,FALSE,helio,8,5000,4,64,6.5,4,android,48
xiaomi,14999,77,FALSE,TRUE,TRUE,snapdragon,8,5000,6,128,6.67,3,android,50
realme,26499,81,TRUE,FALSE,FALSE,snapdragon,8,5000,8,128,6.62,3,android,64
realme,8990,62,FALSE,FALSE,FALSE,unisoc,8,5000,4,64,6.5,1,android,8
apple,95999,82,TRUE,TRUE,FALSE,bionic,6,3279,6,512,6.1,2,ios,12
iqoo,47990,85,TRUE,TRUE,TRUE,snapdragon,8,4700,8,128,6.78,3,android,50
tecno,17990,81,FALSE,FALSE,FALSE,helio,8,5000,8,128,6.8,3,android,64
oneplus,22999,83,TRUE,TRUE,FALSE,snapdragon,8,5000,8,128,6.59,3,android,64
samsung,99990,,TRUE,TRUE,FALSE,snapdragon,8,5000,8,128,6.8,4,android,108
poco,39999,86,TRUE,TRUE,TRUE,snapdragon,8,4700,8,128,6.67,3,android,64
xiaomi,38999,88,TRUE,TRUE,TRUE,snapdragon,8,5000,12,256,6.67,3,android,108
vivo,12490,63,FALSE,FALSE,FALSE,helio,8,5000,4,128,6.51,2,android,13
samsung,39990,86,TRUE,TRUE,FALSE,snapdragon,8,4500,6,128,6.71,3,android,64
vivo,16685,80,FALSE,FALSE,FALSE,helio,8,5000,8,128,6.58,3,android,50
huawei,69990,,FALSE,TRUE,TRUE,kirin,8,4400,8,128,6.76,3,other,50
micromax,6999,66,FALSE,FALSE,FALSE,unisoc,8,5000,4,64,6.52,2,android,13
asus,71999,86,TRUE,TRUE,FALSE,snapdragon,8,6000,12,256,6.78,3,android,50
realme,26999,84,TRUE,TRUE,FALSE,dimensity,8,4500,8,128,6.43,3,android,64
realme,16499,75,TRUE,FALSE,FALSE,dimensity,8,5000,4,128,6.5,3,android,48
oppo,17990,74,TRUE,FALSE,FALSE,dimensity,8,5000,6,128,6.5,3,android,13
xiaomi,8999,68,FALSE,FALSE,FALSE,helio,8,5000,4,64,6.53,2,android,13
apple,39900,63,FALSE,TRUE,FALSE,bionic,6,1821,3,64,4.7,1,ios,12
letv,5999,60,FALSE,FALSE,FALSE,tiger,4,4000,6,64,6.5,2,android,8
oneplus,34999,76,TRUE,TRUE,FALSE,dimensity,8,5000,8,128,6.57,3,android,64
vivo,16990,77,TRUE,FALSE,FALSE,dimensity,8,6000,8,128,6.58,2,android,50
oppo,22990,84,TRUE,TRUE,FALSE,snapdragon,8,4800,8,128,6.58,3,android,50
vivo,19990,84,FALSE,FALSE,FALSE,helio,8,4500,8,256,6.44,3,android,64
infinix,10850,74,FALSE,FALSE,FALSE,tiger,8,5000,6,64,6.6,2,android,50
realme,13499,75,TRUE,FALSE,FALSE,dimensity,8,5000,4,64,6.6,3,android,48
itel,6699,61,FALSE,FALSE,FALSE,unisoc,8,5000,3,64,6.6,2,android,8
oppo,17999,80,FALSE,FALSE,FALSE,snapdragon,8,5000,8,128,6.59,2,android,50
xiaomi,13990,69,TRUE,FALSE,TRUE,dimensity,8,5000,4,128,6.58,2,android,50
honor,94990,,TRUE,TRUE,FALSE,snapdragon,8,4600,12,512,6.76,4,android,50
tecno,8968,72,FALSE,FALSE,FALSE,helio,8,5000,4,64,6.6,3,android,50
infinix,7320,60,FALSE,FALSE,FALSE,helio,4,5000,2,64,6.6,2,android,8
realme,8999,69,FALSE,FALSE,FALSE,tiger,8,5000,4,64,6.5,3,android,50
samsung,13999,75,FALSE,FALSE,FALSE,helio,8,5000,6,128,6.5,4,android,48
tecno,14746,79,FALSE,TRUE,FALSE,helio,8,5000,6,128,6.8,3,android,64
xiaomi,16999,83,TRUE,TRUE,TRUE,dimensity,8,5000,6,128,6.6,3,android,64
xiaomi,25990,83,TRUE,FALSE,TRUE,snapdragon,8,4520,8,128,6.67,3,android,48
xiaomi,16499,78,FALSE,FALSE,TRUE,snapdragon,8,5000,6,128,6.43,4,android,48
xiaomi,19999,81,FALSE,FALSE,TRUE,snapdragon,8,5020,6,64,6.67,4,android,108
xiaomi,23500,80,TRUE,TRUE,FALSE,snapdragon,8,5000,6,128,6.67,3,android,64
lg,54999,85,TRUE,TRUE,FALSE,snapdragon,8,4300,6,128,6.8,3,android,48
motorola,19499,80,FALSE,FALSE,FALSE,snapdragon,8,5000,6,128,6.5,4,android,64
samsung,39999,83,FALSE,TRUE,FALSE,exynos,8,4500,6,128,6.7,3,android,12
samsung,92999,89,TRUE,TRUE,TRUE,exynos,8,4300,12,256,6.8,4,android,12
iqoo,32990,84,TRUE,TRUE,TRUE,snapdragon,8,5000,8,256,6.78,3,android,50
samsung,14499,72,FALSE,FALSE,FALSE,exynos,8,5000,4,128,6.5,3,android,50
vivo,13999,70,TRUE,FALSE,FALSE,dimensity,8,5000,4,128,6.51,2,android,13
vivo,7999,,FALSE,FALSE,FALSE,helio,8,5000,2,32,6.51,1,android,8
itel,5785,,FALSE,FALSE,FALSE,unisoc,8,5000,2,32,6.6,2,android,8
xiaomi,12990,73,TRUE,FALSE,TRUE,dimensity,8,5000,4,128,6.58,2,android,13
poco,19990,84,TRUE,FALSE,TRUE,dimensity,8,5100,8,128,6.73,3,android,108
oppo,23990,79,TRUE,FALSE,FALSE,dimensity,8,5000,12,256,6.56,2,android,48
samsung,17999,77,FALSE,FALSE,FALSE,exynos,8,4000,6,64,6.4,3,android,48
infinix,16999,80,FALSE,FALSE,FALSE,helio,8,5000,6,128,6.91,4,android,108
honor,9999,68,TRUE,FALSE,FALSE,snapdragon,8,5000,4,128,6.5,1,android,13
infinix,8299,63,FALSE,FALSE,FALSE,helio,8,5000,3,64,6.82,2,android,8
sony,82199,89,TRUE,TRUE,FALSE,snapdragon,8,5000,8,256,6.1,3,android,12
nubia,49990,84,TRUE,TRUE,FALSE,snapdragon,8,5000,8,128,6.67,3,android,64
nokia,11999,71,FALSE,FALSE,FALSE,unisoc,8,5050,4,64,6.5,3,android,50
xiaomi,29990,82,TRUE,TRUE,FALSE,snapdragon,8,4300,6,128,6.55,3,android,108
oppo,92249,,TRUE,TRUE,FALSE,snapdragon,8,4500,8,256,7.1,3,android,50
apple,139900,84,TRUE,TRUE,FALSE,bionic,6,4352,6,256,6.7,3,ios,12
vivo,14990,74,FALSE,FALSE,FALSE,helio,8,5000,4,128,6.51,3,android,50
oppo,15988,79,FALSE,FALSE,FALSE,snapdragon,8,5000,6,128,6.43,3,android,48
samsung,11725,76,FALSE,FALSE,FALSE,exynos,8,6000,4,64,6.4,3,android,48
oppo,17994,80,FALSE,FALSE,FALSE,helio,8,4310,8,128,6.43,4,android,48
oppo,134999,86,FALSE,FALSE,FALSE,snapdragon,8,4000,8,256,7.4,3,android,64
oneplus,25595,81,TRUE,TRUE,FALSE,snapdragon,8,4300,6,128,6.49,4,android,64
gionee,7499,67,FALSE,FALSE,FALSE,helio,8,4000,6,128,6.2,1,android,16
poco,10890,74,FALSE,FALSE,TRUE,helio,8,5000,6,64,6.53,4,android,13
oppo,18990,83,FALSE,FALSE,FALSE,helio,8,4015,8,128,6.43,4,android,48
motorola,19990,82,TRUE,TRUE,FALSE,snapdragon,8,5000,6,128,6.67,3,android,48
samsung,15990,80,FALSE,TRUE,FALSE,exynos,8,4000,4,128,6.4,3,android,48
samsung,58999,89,FALSE,TRUE,FALSE,exynos,8,4300,12,256,6.8,4,android,12
vivo,12500,71,FALSE,FALSE,FALSE,helio,8,5000,4,64,6.35,3,android,13
vivo,29999,82,FALSE,FALSE,FALSE,snapdragon,8,4500,8,128,6.38,4,android,48
vivo,31990,86,TRUE,FALSE,FALSE,snapdragon,8,4700,8,256,6.67,3,android,64
vivo,29999,86,TRUE,TRUE,FALSE,dimensity,8,4000,8,128,6.44,3,android,64
motorola,31990,84,TRUE,TRUE,FALSE,snapdragon,8,4020,8,128,6.28,2,android,64
xiaomi,48990,87,TRUE,TRUE,TRUE,dimensity,8,5000,8,128,6.67,3,android,108
huawei,99990,85,TRUE,TRUE,FALSE,kirin,8,4500,8,256,6.76,3,other,64
realme,9499,65,FALSE,FALSE,FALSE,tiger,8,5000,4,64,6.52,3,android,13
iqoo,24999,80,TRUE,FALSE,FALSE,snapdragon,8,5000,6,128,6.62,3,android,50
apple,82990,72,FALSE,TRUE,FALSE,bionic,,3285,6,128,6.06,2,ios,50
infinix,15999,79,FALSE,FALSE,FALSE,helio,8,5000,8,128,6.95,3,android,50
tecno,8999,64,FALSE,FALSE,FALSE,helio,8,5000,4,64,6.52,2,android,16
oppo,17990,73,TRUE,FALSE,FALSE,dimensity,8,5000,6,128,6.5,2,android,13
vivo,82990,,TRUE,TRUE,FALSE,snapdragon,8,4500,12,256,6.78,4,android,50
xiaomi,12999,77,FALSE,FALSE,TRUE,helio,8,6000,6,128,6.5,4,android,50
huawei,29990,83,FALSE,TRUE,FALSE,snapdragon,8,4300,8,128,6.57,4,other,50
tecno,6999,,FALSE,FALSE,FALSE,spreadtrum,4,4000,1,16,6.1,2,android,5
huawei,60999,,FALSE,TRUE,TRUE,snapdragon,8,4360,8,256,6.6,4,other,50
xiaomi,27990,83,TRUE,TRUE,TRUE,dimensity,8,5500,8,128,6.67,3,android,48
nokia,5249,,FALSE,FALSE,FALSE,unisoc,8,3000,2,16,5.45,1,android,5
realme,14999,80,TRUE,FALSE,FALSE,snapdragon,8,5000,6,128,6.5,3,android,48
oppo,44990,87,TRUE,TRUE,FALSE,snapdragon,8,4500,8,128,6.55,4,android,50
motorola,22490,87,TRUE,TRUE,FALSE,snapdragon,8,5000,6,128,6.7,4,android,64
oppo,50990,,TRUE,TRUE,FALSE,snapdragon,8,4500,12,256,6.7,4,android,50
poco,11499,75,FALSE,FALSE,TRUE,snapdragon,8,6000,6,64,6.53,3,android,48
itel,5990,,FALSE,FALSE,FALSE,unisoc,4,4000,1,16,6.5,3,android,8
vivo,27000,84,TRUE,FALSE,FALSE,snapdragon,8,4000,8,128,6.44,3,android,64
xiaomi,29999,86,TRUE,TRUE,TRUE,snapdragon,8,5000,8,128,6.67,3,android,108
vivo,27990,84,FALSE,FALSE,FALSE,snapdragon,8,4500,8,256,6.44,4,android,48
samsung,74999,89,TRUE,TRUE,FALSE,exynos,8,4000,8,128,6.2,3,android,64
vivo,9990,72,FALSE,FALSE,FALSE,snapdragon,8,5000,4,64,6.53,3,android,16
oppo,19990,82,FALSE,FALSE,FALSE,snapdragon,8,4000,8,128,6.4,4,android,64
realme,13279,75,FALSE,FALSE,FALSE,snapdragon,8,4000,4,64,6.4,4,android,64
vivo,11000,68,FALSE,FALSE,FALSE,helio,8,5000,3,64,6.35,3,android,13
xiaomi,12999,78,FALSE,FALSE,FALSE,snapdragon,8,4000,6,128,6.18,2,android,12
poco,7299,61,FALSE,FALSE,FALSE,helio,4,5000,3,32,6.52,2,android,8
ikall,7999,61,FALSE,FALSE,FALSE,,4,5000,4,32,6.5,1,android,20
xiaomi,54990,86,TRUE,TRUE,TRUE,snapdragon,8,5000,8,128,6.73,3,android,50
vivo,49990,77,TRUE,TRUE,FALSE,dimensity,8,5000,12,256,6.67,3,android,50
honor,54990,,TRUE,TRUE,FALSE,snapdragon,8,4500,12,256,6.78,3,android,200
apple,49990,60,TRUE,TRUE,FALSE,bionic,6,,4,64,6.1,1,ios,12
tecno,15499,71,FALSE,FALSE,FALSE,dimensity,8,6000,4,128,6.8,2,android,50
apple,169900,78,TRUE,TRUE,FALSE,bionic,6,4323,6,512,6.7,3,ios,48
google,53990,75,TRUE,TRUE,FALSE,google,8,4830,8,128,6.6,2,android,50
vivo,18990,80,TRUE,FALSE,FALSE,dimensity,8,6000,8,128,6.58,2,android,50
motorola,16999,76,TRUE,TRUE,FALSE,snapdragon,8,5000,4,64,6.6,3,android,50
motorola,34999,86,TRUE,TRUE,FALSE,snapdragon,8,4200,8,128,6.5,3,android,50
vivo,82990,,TRUE,TRUE,TRUE,snapdragon,8,5000,12,512,7,4,android,50
realme,46999,89,TRUE,TRUE,FALSE,snapdragon,8,5000,12,256,6.7,3,android,50
vivo,8499,66,FALSE,FALSE,FALSE,helio,8,5000,3,32,6.51,2,android,13
honor,16999,76,FALSE,FALSE,FALSE,snapdragon,8,4000,6,128,6.7,4,android,64
samsung,11499,69,FALSE,FALSE,FALSE,unisoc,8,5000,4,64,6.5,2,android,48
samsung,88999,88,TRUE,TRUE,FALSE,snapdragon,8,4500,8,256,6.6,3,android,50
vivo,15990,81,FALSE,FALSE,FALSE,snapdragon,8,5000,8,128,6.58,3,android,50
xiaomi,24990,83,TRUE,FALSE,TRUE,dimensity,8,5160,8,128,6.67,3,android,108
oppo,79990,,TRUE,TRUE,FALSE,snapdragon,8,5000,8,256,6.7,3,android,50
tecno,6249,61,FALSE,FALSE,FALSE,,8,5000,2,32,6.51,2,android,13
vivo,12499,69,FALSE,FALSE,FALSE,snapdragon,8,5000,3,64,6.51,2,android,13
xiaomi,6499,61,FALSE,FALSE,FALSE,helio,8,5000,2,32,6.53,1,android,13
apple,179900,86,TRUE,TRUE,FALSE,bionic,6,4352,6,1024,6.7,3,ios,12
vivo,11990,68,FALSE,FALSE,FALSE,snapdragon,8,5000,3,64,6.51,3,android,13
vivo,26990,82,FALSE,FALSE,FALSE,helio,8,4050,8,128,6.44,3,android,64
samsung,13499,76,FALSE,FALSE,FALSE,helio,8,6000,6,128,6.4,4,android,48
xiaomi,75999,,TRUE,TRUE,TRUE,snapdragon,8,4800,12,256,6.73,3,android,50
micromax,5999,60,FALSE,FALSE,FALSE,tiger,8,5000,3,32,6.52,1,android,8
samsung,8499,67,FALSE,FALSE,FALSE,helio,8,5000,3,32,6.5,3,android,13
oppo,11990,71,FALSE,FALSE,FALSE,helio,8,5000,4,128,6.51,3,android,13
xiaomi,10990,77,TRUE,FALSE,TRUE,dimensity,8,5000,4,128,6.43,4,android,48
xiaomi,109990,,TRUE,TRUE,TRUE,snapdragon,8,5020,12,256,8.01,3,android,108
realme,16999,80,TRUE,TRUE,FALSE,dimensity,8,5000,6,128,6.5,3,android,48
oppo,12199,70,FALSE,FALSE,FALSE,helio,8,5000,4,64,6.51,3,android,13
oppo,11490,72,FALSE,FALSE,FALSE,helio,8,4230,4,128,6.52,3,android,13
itel,5490,,FALSE,FALSE,FALSE,,4,4000,1,16,6,2,android,8
xiaomi,11499,74,FALSE,FALSE,TRUE,snapdragon,8,6000,4,64,6.53,4,android,48
samsung,59450,88,TRUE,TRUE,FALSE,exynos,8,4800,8,128,6.7,3,android,64
poco,12799,76,FALSE,FALSE,TRUE,snapdragon,8,5000,4,64,6.67,4,android,48
samsung,83000,88,FALSE,TRUE,FALSE,exynos,8,4500,8,128,6.7,4,android,64
realme,14490,80,FALSE,FALSE,FALSE,snapdragon,8,4300,6,64,6.6,4,android,64
huawei,82990,,TRUE,TRUE,FALSE,kirin,8,4200,8,256,6.58,4,android,50
vivo,9490,64,FALSE,FALSE,FALSE,snapdragon,8,5000,3,32,6.35,2,android,13
vivo,25000,78,FALSE,FALSE,FALSE,snapdragon,8,3700,8,128,6.39,3,android,48
vivo,15000,65,FALSE,FALSE,FALSE,snapdragon,8,4030,4,64,6.22,2,android,13
vivo,20990,70,FALSE,FALSE,FALSE,helio,8,3315,4,128,6.3,2,android,16
samsung,34999,78,FALSE,TRUE,FALSE,exynos,8,3500,6,128,6.2,2,android,12
realme,29999,80,TRUE,FALSE,FALSE,snapdragon,8,5000,8,128,6.73,3,android,50
vivo,11999,67,TRUE,FALSE,FALSE,dimensity,8,6000,4,128,6.51,2,android,13
samsung,12999,72,FALSE,FALSE,FALSE,helio,8,5000,4,128,6.5,2,android,50
leitz,124990,89,TRUE,TRUE,FALSE,snapdragon,8,5000,12,256,6.6,2,android,47.2
xiaomi,28999,85,TRUE,FALSE,TRUE,dimensity,8,5080,8,128,6.67,3,android,50
infinix,12999,77,FALSE,FALSE,FALSE,helio,8,5000,8,128,6.78,2,android,50
realme,28499,82,TRUE,FALSE,FALSE,snapdragon,8,5000,8,256,6.62,3,android,64
apple,104999,83,TRUE,TRUE,FALSE,bionic,6,4325,6,512,6.7,2,ios,12
apple,172999,77,TRUE,TRUE,FALSE,bionic,6,3200,6,1024,6.1,3,ios,48
xiaomi,17990,79,TRUE,FALSE,TRUE,snapdragon,8,5100,6,128,6.73,2,android,64
xiaomi,13774,76,FALSE,FALSE,TRUE,helio,8,5000,6,128,6.58,3,android,50
nokia,8999,64,FALSE,FALSE,FALSE,unisoc,8,5050,4,64,6.52,2,android,13
oneplus,18990,75,TRUE,TRUE,FALSE,dimensity,8,5000,4,64,6.56,2,android,48
tecno,14999,77,FALSE,TRUE,FALSE,helio,8,5000,6,128,6.8,3,android,48
realme,7999,61,FALSE,FALSE,FALSE,tiger,8,5000,3,32,6.5,1,android,8
xiaomi,39999,85,TRUE,TRUE,TRUE,snapdragon,8,5000,8,128,6.67,3,android,108
oppo,11990,67,FALSE,FALSE,FALSE,helio,8,5000,3,64,6.56,2,android,13
infinix,12999,77,FALSE,FALSE,FALSE,helio,8,5000,6,128,6.7,3,android,50
samsung,54999,77,TRUE,TRUE,FALSE,,8,4500,8,128,6.5,4,android,64
samsung,24990,72,TRUE,FALSE,FALSE,,8,6000,6,128,6.7,3,android,64
vivo,59999,88,TRUE,FALSE,FALSE,dimensity,8,4500,12,256,6.78,3,android,50
poco,19999,72,TRUE,FALSE,FALSE,snapdragon,8,5000,6,128,6.67,4,android,64
infinix,16999,79,FALSE,FALSE,FALSE,helio,8,5000,8,128,6.7,3,android,50
samsung,14999,60,FALSE,FALSE,FALSE,exynos,8,6000,4,64,6.5,3,android,48
vivo,29990,76,TRUE,FALSE,FALSE,snapdragon,8,4500,8,128,6.44,3,android,50
xiaomi,13990,69,TRUE,FALSE,TRUE,dimensity,8,5000,4,128,6.58,2,android,50
xiaomi,17999,81,FALSE,FALSE,TRUE,helio,8,5000,6,128,6.67,4,android,108
realme,11399,73,FALSE,FALSE,FALSE,tiger,8,5000,4,64,6.6,3,android,50
vivo,19990,79,TRUE,FALSE,FALSE,dimensity,8,6000,8,128,6.58,2,android,50
vivo,15499,74,FALSE,FALSE,FALSE,snapdragon,8,5000,4,128,6.51,3,android,50
gionee,6999,,FALSE,FALSE,FALSE,tiger,4,4800,3,32,6.8,1,android,13
xiaomi,12499,77,FALSE,FALSE,TRUE,snapdragon,8,5020,4,128,6.67,4,android,48
apple,91999,80,TRUE,TRUE,FALSE,bionic,6,3240,4,512,6.1,2,ios,12
infinix,9690,71,FALSE,FALSE,FALSE,helio,8,5000,4,64,6.78,3,android,50
realme,32990,85,TRUE,TRUE,FALSE,snapdragon,8,4500,8,128,6.55,3,android,50
xiaomi,42990,87,TRUE,TRUE,TRUE,snapdragon,8,4500,8,128,6.28,3,android,50
xiaomi,18699,82,FALSE,FALSE,TRUE,snapdragon,8,4250,8,128,6.55,3,android,64
realme,10990,76,TRUE,FALSE,FALSE,dimensity,8,5000,4,128,6.5,3,android,48
xiaomi,30990,85,TRUE,FALSE,TRUE,snapdragon,8,4520,8,128,6.67,3,android,108
lenovo,59999,89,TRUE,TRUE,FALSE,snapdragon,8,5000,16,512,6.5,2,android,64
samsung,23999,83,FALSE,TRUE,FALSE,exynos,8,7000,6,128,6.71,4,android,64
realme,9999,69,TRUE,FALSE,FALSE,dimensity,8,5000,4,128,6.5,3,android,13
apple,119900,80,TRUE,TRUE,FALSE,bionic,6,,6,256,6.1,3,ios,12
xiaomi,9299,67,FALSE,FALSE,FALSE,helio,8,5000,4,128,6.53,1,android,13
realme,12989,77,FALSE,FALSE,FALSE,helio,8,4300,6,64,6.5,4,android,64
samsung,4999,,FALSE,FALSE,FALSE,mediatek,4,3000,1,16,5.3,1,android,8
oppo,29990,83,TRUE,FALSE,FALSE,snapdragon,8,4300,8,128,6.43,4,android,64
oppo,12490,72,FALSE,FALSE,FALSE,helio,8,4230,6,128,6.5,3,android,12
sony,27999,75,FALSE,TRUE,FALSE,snapdragon,8,3600,4,128,6,3,android,12
vivo,8199,,FALSE,FALSE,FALSE,helio,8,4030,2,32,6.22,1,android,13
huawei,21990,81,FALSE,FALSE,FALSE,kirin,8,4200,8,128,6.4,4,android,48
vivo,20000,73,FALSE,FALSE,FALSE,helio,8,5000,4,128,6.53,3,android,16
vivo,11990,74,FALSE,FALSE,FALSE,snapdragon,8,5000,6,64,6.53,3,android,16
xiaomi,11989,75,FALSE,FALSE,TRUE,helio,8,5020,4,64,6.53,4,android,48
xiaomi,11490,66,FALSE,FALSE,TRUE,snapdragon,8,5000,4,64,6.22,2,android,12
motorola,11490,68,FALSE,FALSE,FALSE,helio,8,4000,4,64,6.2,3,android,13
google,15999,67,FALSE,TRUE,FALSE,snapdragon,8,3700,4,64,6,1,android,12.2
samsung,17990,69,FALSE,FALSE,FALSE,exynos,8,3100,4,64,5.9,2,android,16
samsung,78990,86,TRUE,TRUE,FALSE,exynos,8,4500,8,256,6.7,3,android,16
huawei,10949,66,FALSE,FALSE,FALSE,kirin,8,3000,4,64,5.84,2,android,13
xiaomi,10300,65,FALSE,FALSE,FALSE,snapdragon,8,4100,4,64,5.5,1,android,13
doogee,45999,88,TRUE,FALSE,FALSE,dimensity,8,22000,12,256,6.58,3,android,108
huawei,21990,63,FALSE,FALSE,FALSE,,8,5000,4,64,6.52,3,other,50
iqoo,19990,76,TRUE,FALSE,FALSE,snapdragon,8,5000,8,128,6.67,3,android,64
vivo,32990,84,TRUE,FALSE,FALSE,snapdragon,8,5000,8,256,6.67,3,android,64
poco,14499,77,FALSE,FALSE,TRUE,helio,8,5000,6,128,6.58,3,android,50
nokia,41990,85,TRUE,TRUE,FALSE,snapdragon,8,4200,6,128,6.43,2,android,50
tecno,13990,67,FALSE,FALSE,FALSE,helio,8,7000,6,128,6.82,2,android,16
vivo,10490,67,FALSE,FALSE,FALSE,helio,8,5000,3,64,6.51,2,android,13
huawei,29990,82,FALSE,FALSE,FALSE,snapdragon,8,4000,8,128,6.67,3,other,50
huawei,22990,82,FALSE,TRUE,FALSE,snapdragon,8,5000,8,128,6.7,4,other,50
samsung,47990,80,TRUE,FALSE,FALSE,dimensity,8,5000,8,128,6.7,3,android,48
infinix,19999,84,FALSE,FALSE,FALSE,helio,8,4500,8,128,6.7,3,android,108
oneplus,29999,83,TRUE,TRUE,FALSE,snapdragon,8,4500,8,128,6.43,3,android,50
realme,11879,74,FALSE,FALSE,FALSE,tiger,8,5000,4,128,6.6,3,android,50
oneplus,28990,84,TRUE,TRUE,FALSE,dimensity,8,4500,8,128,6.7,3,android,50
iqoo,39990,85,TRUE,FALSE,FALSE,snapdragon,8,4350,12,256,6.56,3,android,48
xiaomi,15999,78,TRUE,FALSE,TRUE,dimensity,8,5000,6,64,6.52,3,android,64
oppo,22990,82,TRUE,FALSE,FALSE,snapdragon,8,4500,8,256,6.43,2,android,48
tecno,11499,75,FALSE,TRUE,FALSE,helio,8,5000,4,128,6.8,3,android,48
tecno,22999,84,FALSE,FALSE,FALSE,helio,8,5000,8,256,6.7,4,android,50
tecno,7999,70,FALSE,FALSE,FALSE,helio,8,5000,4,64,6.6,2,android,50
realme,31999,82,TRUE,TRUE,FALSE,snapdragon,8,5000,8,128,6.62,3,android,64
sony,30990,78,TRUE,TRUE,FALSE,snapdragon,8,4500,6,64,6,3,android,12
realme,7999,64,FALSE,FALSE,FALSE,helio,8,6000,3,32,6.52,3,android,13
tecno,10999,74,FALSE,FALSE,FALSE,helio,8,7000,4,64,6.95,4,android,48
poco,14990,79,TRUE,FALSE,FALSE,dimensity,8,5000,6,128,6.67,3,android,50
motorola,14499,77,FALSE,FALSE,FALSE,snapdragon,8,6000,4,64,6.78,3,android,64
oneplus,44999,86,TRUE,TRUE,FALSE,snapdragon,8,4500,8,128,6.55,4,android,108
realme,17999,83,FALSE,FALSE,FALSE,helio,8,5000,8,128,6.4,4,android,64
realme,19999,83,TRUE,FALSE,FALSE,dimensity,8,5000,8,128,6.5,3,android,48
itel,3999,,FALSE,FALSE,FALSE,spreadtrum,4,2400,1,8,5,1,android,5
samsung,101999,,TRUE,TRUE,FALSE,exynos,8,5000,12,128,6.8,4,android,108
oppo,38700,84,TRUE,FALSE,FALSE,dimensity,8,4350,8,128,6.53,4,android,64
oneplus,19999,73,FALSE,FALSE,FALSE,snapdragon,8,4500,4,64,6.3,4,android,48
samsung,10999,72,FALSE,FALSE,FALSE,exynos,8,6000,4,64,6.5,4,android,48
oneplus,16990,68,FALSE,FALSE,FALSE,snapdragon,8,5000,4,64,6.52,3,android,13
apple,55999,75,TRUE,TRUE,FALSE,bionic,6,,4,256,5.4,2,ios,12
apple,67999,76,TRUE,TRUE,FALSE,bionic,6,,4,256,6.1,2,ios,12
oppo,9999,66,FALSE,FALSE,FALSE,helio,8,4230,3,32,6.52,3,android,13
xiaomi,14439,77,FALSE,FALSE,TRUE,snapdragon,8,5020,4,128,6.67,4,android,48
oppo,9990,64,FALSE,FALSE,FALSE,helio,8,4230,3,32,6.22,2,android,13
realme,24999,85,TRUE,TRUE,FALSE,snapdragon,8,4200,8,128,6.44,4,android,64
samsung,85990,,TRUE,TRUE,FALSE,exynos,8,4500,8,128,6.7,4,android,64
xiaomi,480000,88,FALSE,TRUE,FALSE,snapdragon,8,4000,8,256,6.39,3,android,48
xiaomi,16999,78,FALSE,FALSE,TRUE,helio,8,4500,6,64,6.53,4,android,64
realme,8999,,FALSE,FALSE,FALSE,helio,8,4000,2,16,6.2,2,android,13
oppo,15990,62,FALSE,FALSE,FALSE,helio,8,3200,3,32,6,1,android,13
lyf,3890,,FALSE,FALSE,FALSE,snapdragon,8,2500,3,32,5,1,android,13
apple,84990,75,TRUE,TRUE,FALSE,bionic,6,4532,8,128,6.71,2,ios,12
vivo,21999,78,TRUE,TRUE,FALSE,dimensity,8,5000,4,128,6.58,3,android,50
lava,8999,66,FALSE,FALSE,FALSE,helio,8,5000,4,64,6.5,3,android,13
tecno,20999,79,TRUE,TRUE,FALSE,dimensity,8,5000,6,128,6.83,3,android,50
oppo,32990,84,TRUE,TRUE,FALSE,dimensity,8,4500,8,128,6.43,3,android,50
motorola,9022,70,FALSE,FALSE,FALSE,helio,8,5000,4,64,6.5,2,android,16
xiaomi,8399,61,FALSE,FALSE,FALSE,helio,4,5000,3,32,6.52,2,android,8
infinix,9999,64,FALSE,FALSE,FALSE,helio,8,5000,3,64,6.6,2,android,13
tecno,8390,63,FALSE,FALSE,FALSE,helio,8,5000,3,64,6.6,2,android,13
zte,19999,82,TRUE,TRUE,FALSE,snapdragon,8,4200,6,128,6.9,4,android,50
honor,13999,71,FALSE,FALSE,FALSE,helio,8,5000,4,64,6.5,3,android,50
xiaomi,29999,85,TRUE,TRUE,TRUE,snapdragon,8,4500,8,128,6.55,3,android,50
tcl,8990,60,FALSE,FALSE,FALSE,helio,8,3000,3,32,6,1,android,13
samsung,163980,,TRUE,TRUE,FALSE,snapdragon,8,4400,12,1024,7.6,3,android,50
nothing,24990,80,TRUE,TRUE,FALSE,snapdragon,8,5000,6,128,6.55,2,android,50
motorola,59990,,TRUE,TRUE,FALSE,snapdragon,8,4450,8,128,6.67,3,android,200
oneplus,47990,86,TRUE,TRUE,FALSE,snapdragon,8,4800,12,256,6.7,3,android,50
realme,40990,86,TRUE,TRUE,FALSE,snapdragon,8,5000,8,128,6.7,3,android,50
samsung,22999,74,FALSE,TRUE,FALSE,,8,6000,8,128,6.5,3,android,64
samsung,12990,63,FALSE,FALSE,FALSE,,8,5000,4,64,6.5,2,android,48
infinix,14999,79,FALSE,FALSE,FALSE,helio,8,5000,8,128,6.7,3,android,50
poco,42999,86,TRUE,TRUE,TRUE,dimensity,8,4500,8,128,6.67,3,android,64
iqoo,14999,78,TRUE,FALSE,FALSE,snapdragon,8,5000,4,128,6.58,3,android,50
vivo,22990,83,FALSE,FALSE,FALSE,snapdragon,8,5000,8,128,6.44,3,android,50
vivo,118990,,TRUE,TRUE,FALSE,snapdragon,8,4600,12,512,8.03,4,android,50
oppo,29990,81,TRUE,FALSE,FALSE,snapdragon,8,5000,8,128,6.62,3,android,50
tecno,7399,62,FALSE,FALSE,FALSE,unisoc,8,5000,3,64,6.6,2,android,13
iqoo,17999,80,TRUE,FALSE,FALSE,snapdragon,8,4200,8,128,6.67,3,android,50
infinix,12799,77,FALSE,FALSE,FALSE,helio,8,5000,6,128,6.7,3,android,50
xiaomi,26999,86,TRUE,FALSE,TRUE,dimensity,8,4500,8,128,6.67,3,android,108
samsung,22999,82,TRUE,FALSE,FALSE,dimensity,8,5000,8,128,6.6,3,android,64
apple,147900,84,TRUE,TRUE,FALSE,bionic,6,3095,6,1024,6.1,3,ios,12
nubia,44999,84,TRUE,TRUE,FALSE,snapdragon,8,5050,8,128,6.8,3,android,64
micromax,7790,68,FALSE,FALSE,FALSE,unisoc,8,5000,6,64,6.52,2,android,13
nokia,39990,87,TRUE,FALSE,FALSE,snapdragon,8,6000,6,128,6.51,4,other,200
vivo,9999,65,FALSE,FALSE,FALSE,snapdragon,8,5000,3,32,6.51,2,android,13
oppo,22990,80,TRUE,FALSE,FALSE,snapdragon,8,4000,6,128,6.5,4,android,64
poco,32999,79,TRUE,FALSE,TRUE,dimensity,8,5065,6,128,6.67,3,android,64
honor,32990,85,TRUE,TRUE,FALSE,snapdragon,8,4300,6,128,6.57,4,android,108
oppo,14999,74,FALSE,FALSE,FALSE,helio,8,5000,6,128,6.51,3,android,13
realme,12499,74,FALSE,FALSE,FALSE,helio,8,5000,4,64,6.6,3,android,50
iqoo,39990,84,TRUE,TRUE,FALSE,snapdragon,8,4000,8,128,6.62,3,android,48
realme,6499,61,FALSE,FALSE,FALSE,sc9863a,8,5000,2,32,6.52,1,android,8
samsung,18499,76,FALSE,FALSE,FALSE,helio,8,5000,6,128,6.4,4,android,48
realme,30994,85,TRUE,TRUE,FALSE,snapdragon,8,4500,8,128,6.43,3,android,64
google,32999,78,TRUE,TRUE,FALSE,snapdragon,8,4620,6,128,6.34,2,android,16
samsung,10499,73,FALSE,FALSE,FALSE,exynos,8,6000,4,64,6.5,4,android,48
samsung,19999,82,FALSE,FALSE,FALSE,exynos,8,6000,6,128,6.4,3,android,64
samsung,17499,75,FALSE,FALSE,FALSE,exynos,8,5000,6,128,6.5,4,android,48
xiaomi,10990,69,FALSE,FALSE,FALSE,helio,8,5000,6,128,6.53,1,android,13
vivo,19000,82,FALSE,FALSE,FALSE,snapdragon,8,4100,8,128,6.44,3,android,48
oppo,13990,70,FALSE,FALSE,FALSE,snapdragon,8,5000,6,128,6.5,3,android,13
realme,10499,72,FALSE,FALSE,FALSE,helio,8,6000,4,64,6.5,3,android,48
itel,5890,,FALSE,FALSE,FALSE,unisoc,8,4000,3,32,6.09,2,android,8
realme,6490,61,FALSE,FALSE,FALSE,helio,8,5000,2,32,6.5,2,android,13
xiaomi,54999,88,TRUE,TRUE,TRUE,snapdragon,8,4780,8,256,6.67,4,android,108
vivo,9990,65,FALSE,FALSE,FALSE,snapdragon,8,5000,4,64,6.5,2,android,13
oneplus,24999,79,FALSE,FALSE,FALSE,snapdragon,8,4300,8,128,6.55,3,android,64
sharp,59990,88,FALSE,TRUE,FALSE,snapdragon,8,3730,12,256,6.5,3,android,48
huawei,214990,,TRUE,TRUE,TRUE,kirin,8,4500,12,512,6.53,4,android,40
samsung,9990,63,FALSE,FALSE,FALSE,,8,4000,2,32,6.4,3,android,13
realme,6999,,FALSE,FALSE,FALSE,helio,8,4000,2,16,6.1,2,android,13
samsung,39990,78,FALSE,TRUE,FALSE,snapdragon,8,3400,6,128,6.4,3,android,24
samsung,21490,70,FALSE,FALSE,FALSE,exynos,8,3300,4,64,6,3,android,24
vivo,13490,,FALSE,FALSE,FALSE,snapdragon,4,2730,3,16,5.2,1,android,13
poco,7999,70,FALSE,FALSE,FALSE,helio,8,5000,4,64,6.71,2,android,50
blackview,8990,67,TRUE,TRUE,FALSE,helio,8,5180,4,64,6.1,2,android,13
honor,13999,75,FALSE,FALSE,FALSE,helio,8,5000,6,128,6.75,4,android,50
oppo,13990,72,TRUE,FALSE,FALSE,dimensity,8,5000,6,128,6.56,2,android,13
doogee,14999,84,FALSE,TRUE,FALSE,helio,8,6000,8,128,6.3,3,android,108
lava,6999,,FALSE,FALSE,FALSE,helio,4,4000,3,32,6.5,2,android,8
motorola,42990,87,TRUE,TRUE,FALSE,snapdragon,8,4500,8,128,6.67,3,android,50
ikall,6799,61,FALSE,FALSE,FALSE,,4,5000,4,64,6.82,1,android,20
oukitel,25899,72,FALSE,TRUE,FALSE,helio,8,8000,6,128,5.86,3,android,16
xiaomi,54999,89,TRUE,TRUE,TRUE,snapdragon,8,5000,12,256,6.43,3,android,50
motorola,49990,89,TRUE,TRUE,FALSE,snapdragon,8,5000,8,128,6.6,3,android,50
xiaomi,32990,86,TRUE,TRUE,TRUE,dimensity,8,5000,8,256,6.7,3,android,64
realme,8720,64,FALSE,FALSE,FALSE,tiger,8,5000,4,64,6.5,1,android,8
oppo,69990,89,TRUE,TRUE,FALSE,snapdragon,8,4700,8,256,6.73,3,android,50
itel,4787,,FALSE,FALSE,FALSE,spreadtrum,4,3020,2,32,5,1,android,2
google,70990,80,TRUE,TRUE,FALSE,google,8,5000,12,256,6.73,3,android,50
vivo,119990,,TRUE,TRUE,FALSE,snapdragon,8,4800,12,256,8.03,3,android,50
motorola,34990,83,TRUE,FALSE,FALSE,snapdragon,8,5000,8,128,6.67,3,android,64
honor,14990,75,TRUE,FALSE,FALSE,snapdragon,8,5000,6,128,6.5,3,android,48
poco,28990,85,TRUE,TRUE,TRUE,dimensity,8,5080,8,256,6.6,3,android,64
motorola,19990,80,TRUE,TRUE,FALSE,snapdragon,8,5000,6,128,6.8,3,android,108
samsung,24990,74,TRUE,FALSE,FALSE,,8,5000,8,128,6.5,3,android,64
